Removed Pin From Net: NetName=GND Pin=C130-1
Removed Pin From Net: NetName=VDD_3V3 Pin=C130-2
Removed Pin From Net: NetName=GND Pin=C131-1
Removed Pin From Net: NetName=3V3_eMMC Pin=C131-2
Removed Pin From Net: NetName=GND Pin=C132-1
Removed Pin From Net: NetName=3V3_eMMC Pin=C132-2
Removed Pin From Net: NetName=GND Pin=C133-1
Removed Pin From Net: NetName=3V3_eMMC Pin=C133-2
Removed Pin From Net: NetName=3V3_eMMC Pin=C134-2
Removed Pin From Net: NetName=3V3_COM Pin=C135-2
Removed Pin From Net: NetName=3V3_COM Pin=C136-2
Removed Pin From Net: NetName=3V3_COM Pin=C137-2
Removed Pin From Net: NetName=3V3_COM Pin=C138-2
Removed Pin From Net: NetName=3V3_COM Pin=C141-2
Removed Pin From Net: NetName=GND Pin=C142-1
Removed Pin From Net: NetName=GND Pin=C143-1
Removed Pin From Net: NetName=3V3_COM Pin=C143-2
Removed Pin From Net: NetName=GND Pin=C147-1
Removed Pin From Net: NetName=3V3_COM Pin=C147-2
Removed Pin From Net: NetName=GND Pin=C148-1
Removed Pin From Net: NetName=3V3_COM Pin=C150-2
Removed Pin From Net: NetName=GND Pin=C151-1
Removed Pin From Net: NetName=GND Pin=C152-1
Removed Pin From Net: NetName=GND Pin=C156-1
Removed Pin From Net: NetName=3V3_COM Pin=C156-2
Removed Pin From Net: NetName=GND Pin=C157-1
Removed Pin From Net: NetName=3V3_COM Pin=C157-2
Removed Pin From Net: NetName=GND Pin=C158-1
Removed Pin From Net: NetName=3V3_COM Pin=C158-2
Removed Pin From Net: NetName=GND Pin=C159-1
Removed Pin From Net: NetName=3V3_COM Pin=C159-2
Removed Pin From Net: NetName=GND Pin=C160-1
Removed Pin From Net: NetName=3V3_COM Pin=C160-2
Removed Pin From Net: NetName=GND Pin=C161-1
Removed Pin From Net: NetName=3V3_COM Pin=C161-2
Removed Pin From Net: NetName=GND Pin=C162-1
Removed Pin From Net: NetName=3V3_COM Pin=C162-2
Removed Pin From Net: NetName=GND Pin=C163-1
Removed Pin From Net: NetName=3V3_COM Pin=C163-2
Removed Pin From Net: NetName=GND Pin=C169-1
Removed Pin From Net: NetName=GND Pin=C172-1
Removed Pin From Net: NetName=3V3_COM Pin=C172-2
Removed Pin From Net: NetName=GND Pin=C173-1
Removed Pin From Net: NetName=3V3_COM Pin=C173-2
Removed Pin From Net: NetName=GND Pin=C174-1
Removed Pin From Net: NetName=GND Pin=C175-1
Removed Pin From Net: NetName=GND Pin=C176-1
Removed Pin From Net: NetName=12V_CONN Pin=C176-2
Removed Pin From Net: NetName=GND Pin=C177-1
Removed Pin From Net: NetName=12V_CONN Pin=C177-2
Removed Pin From Net: NetName=GND Pin=C178-1
Removed Pin From Net: NetName=GND Pin=C179-1
Removed Pin From Net: NetName=GND Pin=C181-1
Removed Pin From Net: NetName=GND Pin=C182-1
Removed Pin From Net: NetName=5V Pin=C182-2
Removed Pin From Net: NetName=GND Pin=C183-1
Removed Pin From Net: NetName=5V Pin=C183-2
Removed Pin From Net: NetName=3.3_VBAT Pin=C184-1
Removed Pin From Net: NetName=GND Pin=C185-1
Removed Pin From Net: NetName=5V Pin=C185-2
Removed Pin From Net: NetName=GND Pin=C186-1
Removed Pin From Net: NetName=3V3_COM Pin=C186-2
Removed Pin From Net: NetName=GND Pin=C187-1
Removed Pin From Net: NetName=5V Pin=C187-2
Removed Pin From Net: NetName=GND Pin=C188-1
Removed Pin From Net: NetName=3V3_eMMC Pin=C188-2
Removed Pin From Net: NetName=5V Pin=C191-2
Removed Pin From Net: NetName=5V Pin=C192-2
Removed Pin From Net: NetName=GND Pin=C193-1
Removed Pin From Net: NetName=GND Pin=C194-1
Removed Pin From Net: NetName=GND Pin=C197-1
Removed Pin From Net: NetName=GND Pin=C198-1
Removed Pin From Net: NetName=GND Pin=C199-1
Removed Pin From Net: NetName=GND Pin=C200-1
Removed Pin From Net: NetName=GND Pin=C201-1
Removed Pin From Net: NetName=GND Pin=C202-1
Removed Pin From Net: NetName=GND Pin=C203-1
Removed Pin From Net: NetName=GND Pin=C204-1
Removed Pin From Net: NetName=GND Pin=C205-1
Removed Pin From Net: NetName=GND Pin=C206-1
Removed Pin From Net: NetName=GND Pin=C207-1
Removed Pin From Net: NetName=GND Pin=C208-1
Removed Pin From Net: NetName=GND Pin=C209-1
Removed Pin From Net: NetName=GND Pin=C210-1
Removed Pin From Net: NetName=GND Pin=C211-1
Removed Pin From Net: NetName=GND Pin=C212-1
Removed Pin From Net: NetName=GND Pin=C217-1
Removed Pin From Net: NetName=GND Pin=C223-1
Removed Pin From Net: NetName=GND Pin=C224-1
Removed Pin From Net: NetName=GND Pin=C231-1
Removed Pin From Net: NetName=GND Pin=C234-1
Removed Pin From Net: NetName=3V3_COM Pin=C234-2
Removed Pin From Net: NetName=3V3_COM Pin=C235-2
Removed Pin From Net: NetName=3V3_COM Pin=C236-2
Removed Pin From Net: NetName=GND Pin=C237-1
Removed Pin From Net: NetName=GND Pin=C238-1
Removed Pin From Net: NetName=GND Pin=C240-2
Removed Pin From Net: NetName=VDD_3V3 Pin=C241-1
Removed Pin From Net: NetName=VDD_3V3 Pin=C242-1
Removed Pin From Net: NetName=GND Pin=C242-2
Removed Pin From Net: NetName=VDD_3V3 Pin=C243-1
Removed Pin From Net: NetName=GND Pin=C243-2
Removed Pin From Net: NetName=VDD_3V3 Pin=C244-1
Removed Pin From Net: NetName=GND Pin=C244-2
Removed Pin From Net: NetName=GND Pin=C245-1
Removed Pin From Net: NetName=3V3_COM Pin=C245-2
Removed Pin From Net: NetName=GND Pin=C246-1
Removed Pin From Net: NetName=3V3_COM Pin=C246-2
Removed Pin From Net: NetName=GND Pin=C247-1
Removed Pin From Net: NetName=GND Pin=D6-1
Removed Pin From Net: NetName=GND Pin=D10-1
Removed Pin From Net: NetName=GND Pin=D11-1
Removed Pin From Net: NetName=GND Pin=D12-1
Removed Pin From Net: NetName=GND Pin=D17-1
Removed Pin From Net: NetName=GND Pin=D21-1
Removed Pin From Net: NetName=GND Pin=D24-1
Removed Pin From Net: NetName=GND Pin=DNP/U6-4
Removed Pin From Net: NetName=VDD_3V3 Pin=DNP/U6-8
Removed Pin From Net: NetName=GND Pin=H2-29
Removed Pin From Net: NetName=GND Pin=H2-30
Removed Pin From Net: NetName=GND Pin=H2-31
Removed Pin From Net: NetName=GND Pin=H2-32
Removed Pin From Net: NetName=GND Pin=H2-47
Removed Pin From Net: NetName=GND Pin=H2-48
Removed Pin From Net: NetName=12V_CONN Pin=J1-1
Removed Pin From Net: NetName=12V_CONN Pin=J1-2
Removed Pin From Net: NetName=GND Pin=J1-4
Removed Pin From Net: NetName=GND Pin=J1-5
Removed Pin From Net: NetName=GND Pin=J1-6
Removed Pin From Net: NetName=GND Pin=J1-6
Removed Pin From Net: NetName=GND Pin=J2-1-M1
Removed Pin From Net: NetName=GND Pin=J2-1-M2
Removed Pin From Net: NetName=12V_CONN Pin=J2-2-1
Removed Pin From Net: NetName=12V_CONN Pin=J2-2-2
Removed Pin From Net: NetName=12V_CONN Pin=J2-2-3
Removed Pin From Net: NetName=GND Pin=J2-2-4
Removed Pin From Net: NetName=GND Pin=J2-2-5
Removed Pin From Net: NetName=GND Pin=J2-2-6
Removed Pin From Net: NetName=GND Pin=J2-2-M1
Removed Pin From Net: NetName=GND Pin=J2-2-M2
Removed Pin From Net: NetName=GND Pin=J3-1
Removed Pin From Net: NetName=GND Pin=J3-7
Removed Pin From Net: NetName=GND Pin=J3-7
Removed Pin From Net: NetName=GND Pin=J4-3
Removed Pin From Net: NetName=GND Pin=J4-7
Removed Pin From Net: NetName=GND Pin=J4-7
Removed Pin From Net: NetName=GND Pin=J7-G1
Removed Pin From Net: NetName=GND Pin=J7-G2
Removed Pin From Net: NetName=GND Pin=J7-G3
Removed Pin From Net: NetName=GND Pin=J7-G4
Removed Pin From Net: NetName=SD2_DATA2 Pin=J7-P1
Removed Pin From Net: NetName=SD2_DATA3 Pin=J7-P2
Removed Pin From Net: NetName=SD2_CMD Pin=J7-P3
Removed Pin From Net: NetName=3V3_eMMC Pin=J7-P4
Removed Pin From Net: NetName=SD2_CLK Pin=J7-P5
Removed Pin From Net: NetName=GND Pin=J7-P6
Removed Pin From Net: NetName=SD2_DATA0 Pin=J7-P7
Removed Pin From Net: NetName=SD2_DATA1 Pin=J7-P8
Removed Pin From Net: NetName=SD2_nCD Pin=J7-P9
Removed Pin From Net: NetName=GND Pin=J8-7
Removed Pin From Net: NetName=GND Pin=J8-7
Removed Pin From Net: NetName=GND Pin=J9-5
Removed Pin From Net: NetName=GND Pin=J9-6
Removed Pin From Net: NetName=GND Pin=J9-7
Removed Pin From Net: NetName=GND Pin=J9-8
Removed Pin From Net: NetName=GND Pin=J9-9
Removed Pin From Net: NetName=GND Pin=J9-10
Removed Pin From Net: NetName=GND Pin=J9-11
Removed Pin From Net: NetName=3V3_COM Pin=J10-1
Removed Pin From Net: NetName=GND Pin=J10-4
Removed Pin From Net: NetName=GND Pin=J10-M1
Removed Pin From Net: NetName=GND Pin=J10-M2
Removed Pin From Net: NetName=3.3_VBAT Pin=J11-1
Removed Pin From Net: NetName=GND Pin=J11-2
Removed Pin From Net: NetName=GND Pin=J11-M1
Removed Pin From Net: NetName=GND Pin=J11-M2
Removed Pin From Net: NetName=GND Pin=J12-01
Removed Pin From Net: NetName=GND Pin=J12-02
Removed Pin From Net: NetName=3V3_COM Pin=J12-03
Removed Pin From Net: NetName=3V3_COM Pin=J12-04
Removed Pin From Net: NetName=3V3_COM Pin=J12-17
Removed Pin From Net: NetName=3V3_COM Pin=J12-18
Removed Pin From Net: NetName=GND Pin=J12-19
Removed Pin From Net: NetName=GND Pin=J12-20
Removed Pin From Net: NetName=3V3_COM Pin=J14-2
Removed Pin From Net: NetName=GND Pin=J14-10
Removed Pin From Net: NetName=GND Pin=J14-13
Removed Pin From Net: NetName=GND Pin=J14-16
Removed Pin From Net: NetName=GND Pin=J14-18
Removed Pin From Net: NetName=GND Pin=J15-5
Removed Pin From Net: NetName=GND Pin=J15-M1
Removed Pin From Net: NetName=GND Pin=J15-M2
Removed Pin From Net: NetName=GND Pin=J16-3
Removed Pin From Net: NetName=JTAG_TDI Pin=J16-4
Removed Pin From Net: NetName=JTAG_TCK Pin=J16-5
Removed Pin From Net: NetName=JTAG_TDO Pin=J16-7
Removed Pin From Net: NetName=JTAG_TMS Pin=J16-8
Removed Pin From Net: NetName=GND Pin=J17-5
Removed Pin From Net: NetName=GND Pin=J17-M1
Removed Pin From Net: NetName=GND Pin=J17-M2
Removed Pin From Net: NetName=GND Pin=J18-5
Removed Pin From Net: NetName=GND Pin=J18-6
Removed Pin From Net: NetName=GND Pin=J18-7
Removed Pin From Net: NetName=GND Pin=J18-8
Removed Pin From Net: NetName=GND Pin=J18-9
Removed Pin From Net: NetName=GND Pin=J18-10
Removed Pin From Net: NetName=GND Pin=J18-11
Removed Pin From Net: NetName=3V3_COM Pin=J19-1
Removed Pin From Net: NetName=3V3_COM Pin=J19-3
Removed Pin From Net: NetName=3V3_COM Pin=J19-5
Removed Pin From Net: NetName=3V3_COM Pin=J19-7
Removed Pin From Net: NetName=GND Pin=J19-M1
Removed Pin From Net: NetName=GND Pin=J19-M2
Removed Pin From Net: NetName=GND Pin=J20-4
Removed Pin From Net: NetName=GND Pin=J20-M1
Removed Pin From Net: NetName=GND Pin=J20-M2
Removed Pin From Net: NetName=NetC230_2 Pin=JP7-1
Removed Pin From Net: NetName=GND Pin=JP7-2
Removed Pin From Net: NetName=GND Pin=JP8-2
Removed Pin From Net: NetName=VDD_3V3 Pin=JP9-1
Removed Pin From Net: NetName=5V Pin=L5-2
Removed Pin From Net: NetName=GND Pin=Q2-2
Removed Pin From Net: NetName=GND Pin=Q5-2
Removed Pin From Net: NetName=_PE5 Pin=R54-2
Removed Pin From Net: NetName=_PE6 Pin=R57-2
Removed Pin From Net: NetName=_PE7 Pin=R60-2
Removed Pin From Net: NetName=_PB16 Pin=R79-2
Removed Pin From Net: NetName=VDD_3V3 Pin=R80-1
Removed Pin From Net: NetName=SAM_RTC_I2C_SCL Pin=R80-2
Removed Pin From Net: NetName=_PB17 Pin=R83-2
Removed Pin From Net: NetName=_PD00 Pin=R103-2
Removed Pin From Net: NetName=_PD01 Pin=R105-2
Removed Pin From Net: NetName=_PD02 Pin=R107-2
Removed Pin From Net: NetName=_PD03 Pin=R110-2
Removed Pin From Net: NetName=_PD05 Pin=R113-2
Removed Pin From Net: NetName=_PD06 Pin=R114-2
Removed Pin From Net: NetName=_PC7 Pin=R117-2
Removed Pin From Net: NetName=_PC15 Pin=R134-2
Removed Pin From Net: NetName=_PC16 Pin=R136-2
Removed Pin From Net: NetName=ADC_TEMP_1 Pin=R144-1
Removed Pin From Net: NetName=_PC20 Pin=R144-2
Removed Pin From Net: NetName=_PC21 Pin=R145-2
Removed Pin From Net: NetName=_PC22 Pin=R146-2
Removed Pin From Net: NetName=VDD_3V3 Pin=R174-2
Removed Pin From Net: NetName=SD2_nCD Pin=R175-1
Removed Pin From Net: NetName=3V3_eMMC Pin=R175-2
Removed Pin From Net: NetName=SD2_DATA1 Pin=R176-1
Removed Pin From Net: NetName=3V3_eMMC Pin=R176-2
Removed Pin From Net: NetName=SD2_DATA0 Pin=R177-1
Removed Pin From Net: NetName=3V3_eMMC Pin=R177-2
Removed Pin From Net: NetName=SD2_DATA2 Pin=R178-1
Removed Pin From Net: NetName=3V3_eMMC Pin=R178-2
Removed Pin From Net: NetName=SD2_DATA3 Pin=R179-1
Removed Pin From Net: NetName=3V3_eMMC Pin=R179-2
Removed Pin From Net: NetName=SD2_CLK Pin=R180-1
Removed Pin From Net: NetName=3V3_eMMC Pin=R180-2
Removed Pin From Net: NetName=SD2_CMD Pin=R181-1
Removed Pin From Net: NetName=3V3_eMMC Pin=R181-2
Removed Pin From Net: NetName=GND Pin=R182-2
Removed Pin From Net: NetName=GND Pin=R183-2
Removed Pin From Net: NetName=GND Pin=R184-2
Removed Pin From Net: NetName=3V3_COM Pin=R185-2
Removed Pin From Net: NetName=3V3_COM Pin=R186-2
Removed Pin From Net: NetName=3V3_COM Pin=R187-2
Removed Pin From Net: NetName=3V3_COM Pin=R188-2
Removed Pin From Net: NetName=GND Pin=R189-1
Removed Pin From Net: NetName=GND Pin=R190-1
Removed Pin From Net: NetName=GND Pin=R191-1
Removed Pin From Net: NetName=GND Pin=R192-1
Removed Pin From Net: NetName=3V3_COM Pin=R193-1
Removed Pin From Net: NetName=3V3_COM Pin=R194-1
Removed Pin From Net: NetName=NetC142_2 Pin=R198-2
Removed Pin From Net: NetName=NetC144_2 Pin=R199-2
Removed Pin From Net: NetName=GND Pin=R200-1
Removed Pin From Net: NetName=GND Pin=R201-1
Removed Pin From Net: NetName=NetC148_2 Pin=R204-2
Removed Pin From Net: NetName=GND Pin=R206-1
Removed Pin From Net: NetName=GND Pin=R207-1
Removed Pin From Net: NetName=GND Pin=R217-2
Removed Pin From Net: NetName=VDD_3V3 Pin=R218-1
Removed Pin From Net: NetName=SAM_RTC_I2C_SDA Pin=R218-2
Removed Pin From Net: NetName=VDD_3V3 Pin=R219-1
Removed Pin From Net: NetName=GND Pin=R240-2
Removed Pin From Net: NetName=GND Pin=R242-2
Removed Pin From Net: NetName=12V_CONN Pin=R246-1
Removed Pin From Net: NetName=GND Pin=R248-2
Removed Pin From Net: NetName=12V_CONN Pin=R249-2
Removed Pin From Net: NetName=GND Pin=R250-2
Removed Pin From Net: NetName=GND Pin=R252-2
Removed Pin From Net: NetName=5V Pin=R253-2
Removed Pin From Net: NetName=5V Pin=R254-1
Removed Pin From Net: NetName=NetR254_2 Pin=R255-1
Removed Pin From Net: NetName=GND Pin=R255-2
Removed Pin From Net: NetName=3V3_COM Pin=R256-2
Removed Pin From Net: NetName=3V3_eMMC Pin=R257-2
Removed Pin From Net: NetName=RS_422_TX_P Pin=R265-1
Removed Pin From Net: NetName=RS_422_TX_N Pin=R266-1
Removed Pin From Net: NetName=RS_422_RX_N Pin=R267-1
Removed Pin From Net: NetName=RS_422_RX_P Pin=R269-1
Removed Pin From Net: NetName=RS_422_TX_P Pin=R271-2
Removed Pin From Net: NetName=RS_422_TX_N Pin=R273-2
Removed Pin From Net: NetName=RS_422_RX_N Pin=R276-2
Removed Pin From Net: NetName=RS_422_RX_P Pin=R278-2
Removed Pin From Net: NetName=GND Pin=R284-1
Removed Pin From Net: NetName=3V3_COM Pin=R297-2
Removed Pin From Net: NetName=3V3_COM Pin=R298-2
Removed Pin From Net: NetName=5V Pin=R305-1
Removed Pin From Net: NetName=5V Pin=R306-2
Removed Pin From Net: NetName=NetQ2_1 Pin=R316-2
Removed Pin From Net: NetName=JTAG_TMS Pin=R323-1
Removed Pin From Net: NetName=JTAG_TDO Pin=R324-1
Removed Pin From Net: NetName=JTAG_TDI Pin=R325-1
Removed Pin From Net: NetName=JTAG_TCK Pin=R326-2
Removed Pin From Net: NetName=NetC230_2 Pin=R341-1
Removed Pin From Net: NetName=NetC230_2 Pin=R343-2
Removed Pin From Net: NetName=GND Pin=R357-1
Removed Pin From Net: NetName=GND Pin=R358-1
Removed Pin From Net: NetName=NetQ5_1 Pin=R363-2
Removed Pin From Net: NetName=3V3_COM Pin=R366-2
Removed Pin From Net: NetName=3V3_COM Pin=R367-2
Removed Pin From Net: NetName=3V3_COM Pin=R368-2
Removed Pin From Net: NetName=3V3_COM Pin=R369-2
Removed Pin From Net: NetName=SAMA7_FLASH_SPI_MCSN Pin=R375-1
Removed Pin From Net: NetName=3V3_COM Pin=R375-2
Removed Pin From Net: NetName=FPGA_FLASH_SPI_MCSN Pin=R376-1
Removed Pin From Net: NetName=3V3_COM Pin=R376-2
Removed Pin From Net: NetName=SAMA7_FLASH_SPI_FPGA_SEL Pin=R377-1
Removed Pin From Net: NetName=3V3_COM Pin=R377-2
Removed Pin From Net: NetName=GND Pin=R378-1
Removed Pin From Net: NetName=3V3_COM Pin=R382-2
Removed Pin From Net: NetName=3V3_COM Pin=R383-2
Removed Pin From Net: NetName=VDD_3V3 Pin=R385-1
Removed Pin From Net: NetName=VDD_3V3 Pin=R386-2
Removed Pin From Net: NetName=5V_FPGA_efuse Pin=R388-1
Removed Pin From Net: NetName=5V_FPGA_efuse Pin=R388-1
Removed Pin From Net: NetName=SENSE_5V_FPGA_P Pin=R388-3
Removed Pin From Net: NetName=SENSE_5V_FPGA_N Pin=R388-4
Removed Pin From Net: NetName=3V3_COM Pin=R389-1
Removed Pin From Net: NetName=3V3_COM Pin=R390-1
Removed Pin From Net: NetName=3V3_COM Pin=R391-1
Removed Pin From Net: NetName=3V3_COM Pin=R392-1
Removed Pin From Net: NetName=GND Pin=R393-2
Removed Pin From Net: NetName=_PD21 Pin=R394-2
Removed Pin From Net: NetName=_PD08 Pin=R395-2
Removed Pin From Net: NetName=3V3_COM Pin=R397-1
Removed Pin From Net: NetName=GND Pin=R398-2
Removed Pin From Net: NetName=3V3_COM Pin=R399-2
Removed Pin From Net: NetName=3V3_COM Pin=R400-2
Removed Pin From Net: NetName=NetQ2_1 Pin=R405-1
Removed Pin From Net: NetName=GND Pin=R405-2
Removed Pin From Net: NetName=5V Pin=SB4-1
Removed Pin From Net: NetName=12V_CONN Pin=SB5-1
Removed Pin From Net: NetName=5V Pin=SB6-1
Removed Pin From Net: NetName=GND Pin=SB7-1
Removed Pin From Net: NetName=5V Pin=TP24-0
Removed Pin From Net: NetName=_PB31 Pin=U3-A13
Removed Pin From Net: NetName=_PB30 Pin=U3-B9
Removed Pin From Net: NetName=_PB18 Pin=U3-D21
Removed Pin From Net: NetName=_PB17 Pin=U3-F21
Removed Pin From Net: NetName=_PB28 Pin=U3-G10
Removed Pin From Net: NetName=_PB11 Pin=U3-G21
Removed Pin From Net: NetName=_PB29 Pin=U3-H11
Removed Pin From Net: NetName=_PB19 Pin=U3-M13
Removed Pin From Net: NetName=_PB16 Pin=U3-M14
Removed Pin From Net: NetName=_PB12 Pin=U3-M15
Removed Pin From Net: NetName=_PB14 Pin=U3-N14
Removed Pin From Net: NetName=_PB15 Pin=U3-N15
Removed Pin From Net: NetName=_PB10 Pin=U3-P15
Removed Pin From Net: NetName=_PB9 Pin=U3-P17
Removed Pin From Net: NetName=_PB13 Pin=U3-R16
Removed Pin From Net: NetName=_PB8 Pin=U3-T18
Removed Pin From Net: NetName=_PB6 Pin=U3-T19
Removed Pin From Net: NetName=_PB4 Pin=U3-T20
Removed Pin From Net: NetName=_PB2 Pin=U3-T21
Removed Pin From Net: NetName=_PB0 Pin=U3-U18
Removed Pin From Net: NetName=_PB5 Pin=U3-V18
Removed Pin From Net: NetName=_PB3 Pin=U3-V19
Removed Pin From Net: NetName=_PB1 Pin=U3-W21
Removed Pin From Net: NetName=GND Pin=U9-7
Removed Pin From Net: NetName=GND Pin=U9-8
Removed Pin From Net: NetName=3V3_COM Pin=U9-16
Removed Pin From Net: NetName=GND Pin=U10-8
Removed Pin From Net: NetName=3V3_COM Pin=U10-16
Removed Pin From Net: NetName=GND Pin=U11-8
Removed Pin From Net: NetName=3V3_COM Pin=U11-16
Removed Pin From Net: NetName=NetR196_1 Pin=U13-1
Removed Pin From Net: NetName=NetR196_1 Pin=U13-2
Removed Pin From Net: NetName=NetC142_2 Pin=U13-3
Removed Pin From Net: NetName=GND Pin=U13-4
Removed Pin From Net: NetName=NetC148_2 Pin=U13-5
Removed Pin From Net: NetName=3V3_COM Pin=U13-8
Removed Pin From Net: NetName=NetC144_2 Pin=U14-3
Removed Pin From Net: NetName=GND Pin=U14-4
Removed Pin From Net: NetName=NetR203_1 Pin=U14-6
Removed Pin From Net: NetName=NetR203_1 Pin=U14-7
Removed Pin From Net: NetName=3V3_COM Pin=U14-8
Removed Pin From Net: NetName=3V3_COM Pin=U17-1
Removed Pin From Net: NetName=GND Pin=U17-2
Removed Pin From Net: NetName=3V3_COM Pin=U18-1
Removed Pin From Net: NetName=GND Pin=U18-2
Removed Pin From Net: NetName=3V3_COM Pin=U19-1
Removed Pin From Net: NetName=GND Pin=U19-2
Removed Pin From Net: NetName=3V3_COM Pin=U20-1
Removed Pin From Net: NetName=GND Pin=U20-2
Removed Pin From Net: NetName=SOM_RS422_R\E\ Pin=U23-2
Removed Pin From Net: NetName=SOM_RS422_DE Pin=U23-3
Removed Pin From Net: NetName=3V3_COM Pin=U24-1
Removed Pin From Net: NetName=GND Pin=U24-5
Removed Pin From Net: NetName=GND Pin=U24-10
Removed Pin From Net: NetName=3V3_COM Pin=U25-1
Removed Pin From Net: NetName=GND Pin=U25-5
Removed Pin From Net: NetName=12V_CONN Pin=U26-5
Removed Pin From Net: NetName=NetR254_2 Pin=U27-4
Removed Pin From Net: NetName=GND Pin=U27-6
Removed Pin From Net: NetName=GND Pin=U27-6
Removed Pin From Net: NetName=GND Pin=U27-6
Removed Pin From Net: NetName=GND Pin=U27-6
Removed Pin From Net: NetName=GND Pin=U27-6
Removed Pin From Net: NetName=GND Pin=U27-6
Removed Pin From Net: NetName=GND Pin=U27-6
Removed Pin From Net: NetName=GND Pin=U27-6
Removed Pin From Net: NetName=GND Pin=U27-6
Removed Pin From Net: NetName=GND Pin=U27-9
Removed Pin From Net: NetName=GND Pin=U28-1
Removed Pin From Net: NetName=3V3_COM Pin=U28-2
Removed Pin From Net: NetName=5V Pin=U28-3
Removed Pin From Net: NetName=3V3_COM Pin=U28-4
Removed Pin From Net: NetName=GND Pin=U29-1
Removed Pin From Net: NetName=3V3_eMMC Pin=U29-2
Removed Pin From Net: NetName=5V Pin=U29-3
Removed Pin From Net: NetName=3V3_eMMC Pin=U29-4
Removed Pin From Net: NetName=5V Pin=U30-5
Removed Pin From Net: NetName=GND Pin=U31-1
Removed Pin From Net: NetName=GND Pin=U32-2
Removed Pin From Net: NetName=GND Pin=U33-2
Removed Pin From Net: NetName=GND Pin=U34-2
Removed Pin From Net: NetName=JTAG_TDO Pin=U35-A2
Removed Pin From Net: NetName=JTAG_TDI Pin=U35-A3
Removed Pin From Net: NetName=GND Pin=U35-A4
Removed Pin From Net: NetName=GND Pin=U35-A7
Removed Pin From Net: NetName=GND Pin=U35-A10
Removed Pin From Net: NetName=JTAG_TMS Pin=U35-B1
Removed Pin From Net: NetName=GND Pin=U35-B6
Removed Pin From Net: NetName=GND Pin=U35-B10
Removed Pin From Net: NetName=JTAG_TCK Pin=U35-C1
Removed Pin From Net: NetName=GND Pin=U35-C7
Removed Pin From Net: NetName=GND Pin=U35-C11
Removed Pin From Net: NetName=GND Pin=U35-D3
Removed Pin From Net: NetName=FPGA_FLASH_SPI_MISO/MD1 Pin=U35-D5
Removed Pin From Net: NetName=FPGA_FLASH_SPI_MOSI/MD0 Pin=U35-D6
Removed Pin From Net: NetName=FPGA_FLASH_SPI_MCSN Pin=U35-D7
Removed Pin From Net: NetName=FPGA_FLASH_SPI_MCLK Pin=U35-D11
Removed Pin From Net: NetName=GND Pin=U35-E9
Removed Pin From Net: NetName=GND Pin=U35-F2
Removed Pin From Net: NetName=GND Pin=U35-F4
Removed Pin From Net: NetName=GND Pin=U35-G1
Removed Pin From Net: NetName=GND Pin=U35-G2
Removed Pin From Net: NetName=GND Pin=U35-H1
Removed Pin From Net: NetName=GND Pin=U35-H2
Removed Pin From Net: NetName=GND Pin=U35-H6
Removed Pin From Net: NetName=GND Pin=U35-H9
Removed Pin From Net: NetName=GND Pin=U35-J3
Removed Pin From Net: NetName=GND Pin=U35-K1
Removed Pin From Net: NetName=GND Pin=U35-K2
Removed Pin From Net: NetName=GND Pin=U36-3
Removed Pin From Net: NetName=GND Pin=U37-12
Removed Pin From Net: NetName=GND Pin=U37-13
Removed Pin From Net: NetName=3V3_COM Pin=U37-23
Removed Pin From Net: NetName=3V3_COM Pin=U37-24
Removed Pin From Net: NetName=GND Pin=U38-4
Removed Pin From Net: NetName=3V3_COM Pin=U38-8
Removed Pin From Net: NetName=SAMA7_FLASH_SPI_FPGA_SEL Pin=U39-1
Removed Pin From Net: NetName=SAMA7_FLASH_SPI_MCSN Pin=U39-2
Removed Pin From Net: NetName=FPGA_FLASH_SPI_MCSN Pin=U39-3
Removed Pin From Net: NetName=SAMA7_FLASH_SPI_MCLK Pin=U39-5
Removed Pin From Net: NetName=FPGA_FLASH_SPI_MCLK Pin=U39-6
Removed Pin From Net: NetName=GND Pin=U39-8
Removed Pin From Net: NetName=FPGA_FLASH_SPI_MOSI/MD0 Pin=U39-10
Removed Pin From Net: NetName=SAMA7_FLASH_SPI_MOSI/MD0 Pin=U39-11
Removed Pin From Net: NetName=FPGA_FLASH_SPI_MISO/MD1 Pin=U39-13
Removed Pin From Net: NetName=SAMA7_FLASH_SPI_MISO/MD1 Pin=U39-14
Removed Pin From Net: NetName=3V3_COM Pin=U39-16
Removed Pin From Net: NetName=GND Pin=U40-1
Removed Pin From Net: NetName=GND Pin=U41-2
Removed Pin From Net: NetName=3V3_COM Pin=U41-3
Removed Pin From Net: NetName=NetC75_2 Pin=U41-11
Removed Pin From Net: NetName=GND Pin=U41-25
Removed Pin From Net: NetName=3V3_COM Pin=U41-28
Removed Pin From Net: NetName=VDD_3V3 Pin=U42-2
Removed Pin From Net: NetName=GND Pin=U42-3
Removed Pin From Net: NetName=SAM_RTC_I2C_SCL Pin=U42-4
Removed Pin From Net: NetName=SAM_RTC_I2C_SDA Pin=U42-5
Removed Pin From Net: NetName=SENSE_5V_FPGA_P Pin=U42-13
Removed Pin From Net: NetName=SENSE_5V_FPGA_N Pin=U42-14
Removed Pin From Net: NetName=VDD_3V3 Pin=U42-15
Removed Pin From Net: NetName=GND Pin=U42-17
Removed Pin From Net: NetName=GND Pin=Y5-2
Removed Member From Class: ClassName=SDCARD_FLASH Member=C130
Removed Member From Class: ClassName=SDCARD_FLASH Member=C131
Removed Member From Class: ClassName=SDCARD_FLASH Member=C132
Removed Member From Class: ClassName=SDCARD_FLASH Member=C133
Removed Member From Class: ClassName=SDCARD_FLASH Member=C134
Removed Member From Class: ClassName=DEBUG_CONSOLE Member=C138
Removed Member From Class: ClassName=TEMP Member=C141
Removed Member From Class: ClassName=TEMP Member=C142
Removed Member From Class: ClassName=TEMP Member=C143
Removed Member From Class: ClassName=TEMP Member=C144
Removed Member From Class: ClassName=TEMP Member=C145
Removed Member From Class: ClassName=TEMP Member=C146
Removed Member From Class: ClassName=TEMP Member=C147
Removed Member From Class: ClassName=TEMP Member=C148
Removed Member From Class: ClassName=TEMP Member=C149
Removed Member From Class: ClassName=TEMP Member=C150
Removed Member From Class: ClassName=TEMP Member=C151
Removed Member From Class: ClassName=TEMP Member=C152
Removed Member From Class: ClassName=CAN_PHY Member=C169
Removed Member From Class: ClassName=FPGA_POWER Member=C193
Removed Member From Class: ClassName=FPGA_POWER Member=C194
Removed Member From Class: ClassName=FPGA_POWER Member=C197
Removed Member From Class: ClassName=FPGA_POWER Member=C198
Removed Member From Class: ClassName=FPGA_POWER Member=C199
Removed Member From Class: ClassName=FPGA_POWER Member=C200
Removed Member From Class: ClassName=FPGA_POWER Member=C201
Removed Member From Class: ClassName=FPGA_POWER Member=C202
Removed Member From Class: ClassName=FPGA_POWER Member=C203
Removed Member From Class: ClassName=FPGA_POWER Member=C204
Removed Member From Class: ClassName=FPGA_POWER Member=C205
Removed Member From Class: ClassName=FPGA_POWER Member=C206
Removed Member From Class: ClassName=FPGA_POWER Member=C207
Removed Member From Class: ClassName=FPGA_POWER Member=C208
Removed Member From Class: ClassName=FPGA_POWER Member=C209
Removed Member From Class: ClassName=FPGA_POWER Member=C210
Removed Member From Class: ClassName=FPGA_POWER Member=C211
Removed Member From Class: ClassName=FPGA_POWER Member=C212
Removed Member From Class: ClassName=FPGA_POWER Member=C213
Removed Member From Class: ClassName=FPGA_POWER Member=C214
Removed Member From Class: ClassName=FPGA_POWER Member=C215
Removed Member From Class: ClassName=FPGA_POWER Member=C216
Removed Member From Class: ClassName=FPGA_POWER Member=C217
Removed Member From Class: ClassName=FPGA_POWER Member=C218
Removed Member From Class: ClassName=FPGA_POWER Member=C219
Removed Member From Class: ClassName=FPGA_POWER Member=C220
Removed Member From Class: ClassName=FPGA_POWER Member=C221
Removed Member From Class: ClassName=FPGA_POWER Member=C222
Removed Member From Class: ClassName=FPGA_POWER Member=C223
Removed Member From Class: ClassName=FPGA_POWER Member=C224
Removed Member From Class: ClassName=FPGA_POWER Member=C225
Removed Member From Class: ClassName=FPGA_POWER Member=C226
Removed Member From Class: ClassName=FPGA_POWER Member=C227
Removed Member From Class: ClassName=DEBUG_CONSOLE Member=D1
Removed Member From Class: ClassName=DEBUG_CONSOLE Member=D2
Removed Member From Class: ClassName=CONNECTOR_EXP Member=D13
Removed Member From Class: ClassName=CONNECTOR_INTERFACE Member=D14
Removed Member From Class: ClassName=CONNECTOR_INTERFACE Member=D15
Removed Member From Class: ClassName=FPGA_POWER Member=D17
Removed Member From Class: ClassName=FPGA_POWER Member=D18
Removed Member From Class: ClassName=FPGA_PART2 Member=D21
Removed Member From Class: ClassName=FPGA_POWER Member=D24
Removed Member From Class: ClassName=SDCARD_FLASH Member=DNP/U6
Removed Member From Class: ClassName=FPGA_POWER Member=FB1
Removed Member From Class: ClassName=FPGA_PART2 Member=FB2
Removed Member From Class: ClassName=CONNECTOR_INTERFACE Member=H1
Removed Member From Class: ClassName=CONNECTOR_INTERFACE Member=H2
Removed Member From Class: ClassName=CONNECTOR_EXP Member=J2-1
Removed Member From Class: ClassName=CONNECTOR_EXP Member=J2-2
Removed Member From Class: ClassName=CONNECTOR_INTERFACE Member=J3
Removed Member From Class: ClassName=CONNECTOR_INTERFACE Member=J4
Removed Member From Class: ClassName=SDCARD_FLASH Member=J7
Removed Member From Class: ClassName=CONNECTOR_INTERFACE Member=J8
Removed Member From Class: ClassName=DEBUG_CONSOLE Member=J9
Removed Member From Class: ClassName=DEBUG_CONSOLE Member=J10
Removed Member From Class: ClassName=CONNECTOR_INTERFACE Member=J12
Removed Member From Class: ClassName=CONNECTOR_INTERFACE Member=J14
Removed Member From Class: ClassName=CONNECTOR_INTERFACE Member=J15
Removed Member From Class: ClassName=FPGA_PART2 Member=J17
Removed Member From Class: ClassName=DEBUG_CONSOLE Member=J18
Removed Member From Class: ClassName=TEMP Member=J19
Removed Member From Class: ClassName=FPGA_PART2 Member=JP7
Removed Member From Class: ClassName=SDCARD_FLASH Member=JP9
Removed Member From Class: ClassName=FPGA_POWER Member=Q2
Removed Member From Class: ClassName=SAMA7G54_PIO Member=R54
Removed Member From Class: ClassName=SAMA7G54_PIO Member=R57
Removed Member From Class: ClassName=SAMA7G54_PIO Member=R60
Removed Member From Class: ClassName=SAMA7G54_PIO Member=R79
Removed Member From Class: ClassName=SAMA7G54_PIO Member=R83
Removed Member From Class: ClassName=SAMA7G54_PIO Member=R103
Removed Member From Class: ClassName=SAMA7G54_PIO Member=R105
Removed Member From Class: ClassName=SAMA7G54_PIO Member=R107
Removed Member From Class: ClassName=SAMA7G54_PIO Member=R110
Removed Member From Class: ClassName=SAMA7G54_PIO Member=R113
Removed Member From Class: ClassName=SAMA7G54_PIO Member=R114
Removed Member From Class: ClassName=SAMA7G54_PIO Member=R117
Removed Member From Class: ClassName=SAMA7G54_PIO Member=R134
Removed Member From Class: ClassName=SAMA7G54_PIO Member=R136
Removed Member From Class: ClassName=SAMA7G54_PIO Member=R144
Removed Member From Class: ClassName=SAMA7G54_PIO Member=R145
Removed Member From Class: ClassName=SAMA7G54_PIO Member=R146
Removed Member From Class: ClassName=DEBUG_CONSOLE Member=R191
Removed Member From Class: ClassName=DEBUG_CONSOLE Member=R192
Removed Member From Class: ClassName=DEBUG_CONSOLE Member=R193
Removed Member From Class: ClassName=DEBUG_CONSOLE Member=R194
Removed Member From Class: ClassName=TEMP Member=R196
Removed Member From Class: ClassName=TEMP Member=R197
Removed Member From Class: ClassName=TEMP Member=R198
Removed Member From Class: ClassName=TEMP Member=R199
Removed Member From Class: ClassName=TEMP Member=R200
Removed Member From Class: ClassName=TEMP Member=R201
Removed Member From Class: ClassName=TEMP Member=R202
Removed Member From Class: ClassName=TEMP Member=R203
Removed Member From Class: ClassName=TEMP Member=R204
Removed Member From Class: ClassName=TEMP Member=R205
Removed Member From Class: ClassName=TEMP Member=R206
Removed Member From Class: ClassName=TEMP Member=R207
Removed Member From Class: ClassName=LVDS Member=R220
Removed Member From Class: ClassName=LVDS Member=R221
Removed Member From Class: ClassName=CAN_PHY Member=R226
Removed Member From Class: ClassName=CAN_PHY Member=R228
Removed Member From Class: ClassName=CONNECTOR_INTERFACE Member=R263
Removed Member From Class: ClassName=CONNECTOR_INTERFACE Member=R264
Removed Member From Class: ClassName=CONNECTOR_INTERFACE Member=R265
Removed Member From Class: ClassName=CONNECTOR_INTERFACE Member=R266
Removed Member From Class: ClassName=CONNECTOR_INTERFACE Member=R267
Removed Member From Class: ClassName=CONNECTOR_INTERFACE Member=R268
Removed Member From Class: ClassName=CONNECTOR_INTERFACE Member=R269
Removed Member From Class: ClassName=CONNECTOR_INTERFACE Member=R270
Removed Member From Class: ClassName=CONNECTOR_INTERFACE Member=R271
Removed Member From Class: ClassName=CONNECTOR_INTERFACE Member=R272
Removed Member From Class: ClassName=CONNECTOR_INTERFACE Member=R273
Removed Member From Class: ClassName=CONNECTOR_INTERFACE Member=R274
Removed Member From Class: ClassName=CONNECTOR_INTERFACE Member=R275
Removed Member From Class: ClassName=CONNECTOR_INTERFACE Member=R276
Removed Member From Class: ClassName=CONNECTOR_INTERFACE Member=R277
Removed Member From Class: ClassName=CONNECTOR_INTERFACE Member=R278
Removed Member From Class: ClassName=CONNECTOR_INTERFACE Member=R279
Removed Member From Class: ClassName=CONNECTOR_INTERFACE Member=R280
Removed Member From Class: ClassName=CONNECTOR_INTERFACE Member=R281
Removed Member From Class: ClassName=CONNECTOR_INTERFACE Member=R282
Removed Member From Class: ClassName=CONNECTOR_INTERFACE Member=R283
Removed Member From Class: ClassName=CONNECTOR_INTERFACE Member=R284
Removed Member From Class: ClassName=CONNECTOR_INTERFACE Member=R285
Removed Member From Class: ClassName=CONNECTOR_INTERFACE Member=R286
Removed Member From Class: ClassName=CONNECTOR_INTERFACE Member=R287
Removed Member From Class: ClassName=CONNECTOR_INTERFACE Member=R298
Removed Member From Class: ClassName=CONNECTOR_INTERFACE Member=R299
Removed Member From Class: ClassName=CONNECTOR_INTERFACE Member=R300
Removed Member From Class: ClassName=CONNECTOR_INTERFACE Member=R301
Removed Member From Class: ClassName=CONNECTOR_INTERFACE Member=R302
Removed Member From Class: ClassName=CONNECTOR_INTERFACE Member=R303
Removed Member From Class: ClassName=CONNECTOR_INTERFACE Member=R304
Removed Member From Class: ClassName=FPGA_POWER Member=R309
Removed Member From Class: ClassName=FPGA_POWER Member=R314
Removed Member From Class: ClassName=FPGA_POWER Member=R315
Removed Member From Class: ClassName=FPGA_POWER Member=R316
Removed Member From Class: ClassName=FPGA_PART2 Member=R341
Removed Member From Class: ClassName=FPGA_PART2 Member=R342
Removed Member From Class: ClassName=FPGA_PART2 Member=R343
Removed Member From Class: ClassName=FPGA_PART2 Member=R344
Removed Member From Class: ClassName=FPGA_PART2 Member=R345
Removed Member From Class: ClassName=FPGA_PART2 Member=R346
Removed Member From Class: ClassName=FPGA_PART2 Member=R347
Removed Member From Class: ClassName=FPGA_PART2 Member=R348
Removed Member From Class: ClassName=FPGA_PART2 Member=R349
Removed Member From Class: ClassName=FPGA_PART2 Member=R350
Removed Member From Class: ClassName=FPGA_PART2 Member=R351
Removed Member From Class: ClassName=FPGA_PART2 Member=R352
Removed Member From Class: ClassName=FPGA_PART2 Member=R353
Removed Member From Class: ClassName=FPGA_PART2 Member=R354
Removed Member From Class: ClassName=FPGA_PART2 Member=R355
Removed Member From Class: ClassName=FPGA_PART2 Member=R356
Removed Member From Class: ClassName=FPGA_PART2 Member=R357
Removed Member From Class: ClassName=FPGA_PART2 Member=R358
Removed Member From Class: ClassName=FPGA_PART2 Member=R359
Removed Member From Class: ClassName=CONNECTOR_INTERFACE Member=R379
Removed Member From Class: ClassName=CONNECTOR_INTERFACE Member=R380
Removed Member From Class: ClassName=FPGA_POWER Member=R381
Removed Member From Class: ClassName=CONNECTOR_INTERFACE Member=R382
Removed Member From Class: ClassName=CONNECTOR_INTERFACE Member=R383
Removed Member From Class: ClassName=SDCARD_FLASH Member=R384
Removed Member From Class: ClassName=SAMA7G54_PIO Member=R394
Removed Member From Class: ClassName=SAMA7G54_PIO Member=R395
Removed Member From Class: ClassName=CONNECTOR_INTERFACE Member=R399
Removed Member From Class: ClassName=CONNECTOR_INTERFACE Member=R400
Removed Member From Class: ClassName=FPGA_POWER Member=R405
Removed Member From Class: ClassName=SDCARD_FLASH Member=U7
Removed Member From Class: ClassName=SDCARD_FLASH Member=U8
Removed Member From Class: ClassName=TEMP Member=U13
Removed Member From Class: ClassName=TEMP Member=U14
Removed Member From Class: ClassName=LVDS Member=U17
Removed Member From Class: ClassName=LVDS Member=U18
Removed Member From Class: ClassName=LVDS Member=U19
Removed Member From Class: ClassName=LVDS Member=U20
Removed Member From Class: ClassName=FPGA_POWER Member=U31
Removed Member From Class: ClassName=FPGA_POWER Member=U32
Removed Member From Class: ClassName=FPGA_POWER Member=U33
Removed Member From Class: ClassName=FPGA_POWER Member=U34
Removed Member From Class: ClassName=FPGA_PART2 Member=U36
Removed Member From Class: ClassName=FPGA_PART2 Member=U37
Removed Member From Class: ClassName=FPGA_POWER Member=U40
Removed Member From Class: ClassName=DIFF90 Member=CONN_422_RX_N
Removed Member From Class: ClassName=DIFF90 Member=CONN_422_RX_P
Removed Member From Class: ClassName=DIFF90 Member=CONN_422_TX_N
Removed Member From Class: ClassName=DIFF90 Member=CONN_422_TX_P
Removed Member From Class: ClassName=DIFF90 Member=EXP_2_CONN_USB_N
Removed Member From Class: ClassName=DIFF90 Member=EXP_2_CONN_USB_P
Removed Member From Class: ClassName=DIFF90 Member=EXP_2_IF_USB_N
Removed Member From Class: ClassName=DIFF90 Member=EXP_2_IF_USB_P
Removed Member From Class: ClassName=DIFF90 Member=EXP_USB_N
Removed Member From Class: ClassName=DIFF90 Member=EXP_USB_P
Removed Member From Class: ClassName=DIFF100 Member=FPGA_LVDS_RXC_N
Removed Member From Class: ClassName=DIFF100 Member=FPGA_LVDS_RXC_P
Removed Member From Class: ClassName=DIFF100 Member=FPGA_LVDS_RXD_N
Removed Member From Class: ClassName=DIFF100 Member=FPGA_LVDS_RXD_P
Removed Member From Class: ClassName=DIFF100 Member=FPGA_LVDS_TXC_N
Removed Member From Class: ClassName=DIFF100 Member=FPGA_LVDS_TXC_P
Removed Member From Class: ClassName=DIFF100 Member=FPGA_LVDS_TXD_N
Removed Member From Class: ClassName=DIFF100 Member=FPGA_LVDS_TXD_P
Removed Member From Class: ClassName=DIFF90 Member=IF_OUT_CONN_USB_N
Removed Member From Class: ClassName=DIFF90 Member=IF_OUT_CONN_USB_P
Removed Member From Class: ClassName=DIFF90 Member=IF_USB_CONN_N
Removed Member From Class: ClassName=DIFF90 Member=IF_USB_CONN_P
Removed Member From Class: ClassName=DIFF100 Member=OSC_LVDS_N
Removed Member From Class: ClassName=DIFF100 Member=OSC_LVDS_P
Removed Member From Class: ClassName=DIFF100 Member=PHY_LVDS_RXC_N
Removed Member From Class: ClassName=DIFF100 Member=PHY_LVDS_RXC_P
Removed Member From Class: ClassName=DIFF100 Member=PHY_LVDS_RXD_N
Removed Member From Class: ClassName=DIFF100 Member=PHY_LVDS_RXD_P
Removed Member From Class: ClassName=DIFF100 Member=PHY_LVDS_TXC_N
Removed Member From Class: ClassName=DIFF100 Member=PHY_LVDS_TXC_P
Removed Member From Class: ClassName=DIFF100 Member=PHY_LVDS_TXD_N
Removed Member From Class: ClassName=DIFF100 Member=PHY_LVDS_TXD_P
Removed Member From Class: ClassName=DIFF90 Member=RS_422_2_PC104_RX_N
Removed Member From Class: ClassName=DIFF90 Member=RS_422_2_PC104_RX_P
Removed Member From Class: ClassName=DIFF90 Member=RS_422_2_PC104_TX_N
Removed Member From Class: ClassName=DIFF90 Member=RS_422_2_PC104_TX_P
Removed Member From Class: ClassName=DIFF90 Member=RS_422_RX_N
Removed Member From Class: ClassName=DIFF90 Member=RS_422_RX_P
Removed Member From Class: ClassName=DIFF90 Member=RS_422_TX_N
Removed Member From Class: ClassName=DIFF90 Member=RS_422_TX_P
Removed Member From Class: ClassName=MRAM_SAMA7 Member=SOM_MRAM_QSPI_CLK
Removed Member From Class: ClassName=MRAM_SAMA7 Member=SOM_MRAM_QSPI_IO0
Removed Member From Class: ClassName=MRAM_SAMA7 Member=SOM_MRAM_QSPI_IO1
Removed Member From Class: ClassName=MRAM_SAMA7 Member=SOM_MRAM_QSPI_IO2
Removed Member From Class: ClassName=MRAM_SAMA7 Member=SOM_MRAM_QSPI_IO3
Removed Member From Class: ClassName=MRAM_SAMA7 Member=SOM_RAM_QSPI_nCS
Removed Member From Class: ClassName=DIFF90 Member=SubSPW_LVDS_DIN_N
Removed Member From Class: ClassName=DIFF90 Member=SubSPW_LVDS_DIN_P
Removed Member From Class: ClassName=DIFF90 Member=SubSPW_LVDS_DOUT_N
Removed Member From Class: ClassName=DIFF90 Member=SubSPW_LVDS_DOUT_P
Removed Member From Class: ClassName=DIFF90 Member=SubSPW_LVDS_SIN_N
Removed Member From Class: ClassName=DIFF90 Member=SubSPW_LVDS_SIN_P
Removed Member From Class: ClassName=DIFF90 Member=SubSPW_LVDS_SOUT_N
Removed Member From Class: ClassName=DIFF90 Member=SubSPW_LVDS_SOUT_P
Removed Member From Class: ClassName=DIFF90 Member=USB_DEBUG_N
Removed Member From Class: ClassName=DIFF90 Member=USB_DEBUG_P
Removed Member From Class: ClassName=DIFF90 Member=USB_EXP_N
Removed Member From Class: ClassName=DIFF90 Member=USB_EXP_P
Removed Member From Class: ClassName=DIFF90 Member=USB_HOST_ONLY_N
Removed Member From Class: ClassName=DIFF90 Member=USB_HOST_ONLY_P
Removed Member From Class: ClassName=DIFF90 Member=USBA_N
Removed Member From Class: ClassName=DIFF90 Member=USBA_P
Removed Member From Class: ClassName=DIFF90 Member=USBB_N
Removed Member From Class: ClassName=DIFF90 Member=USBB_P
Change Component Footprint: Designator=J9 Old Footprint=47346-0001_MOL New Footprint=PAD JTAG 1.27
Change Footprint: Footprint Not Found Molex_1051620001
Change Component Footprint: Designator=J3 Old Footprint=5040500691 New Footprint=47346-0001_MOL
Change Component Footprint: Designator=J4 Old Footprint=5040500691 New Footprint=MOLEX_0532610471
Change Component Footprint: Designator=C201 Old Footprint=CAP_C_0603x30 New Footprint=CAP_C_1005X50_L
Change Component Footprint: Designator=C202 Old Footprint=CAP_C_0603x30 New Footprint=CAP_C_1005X50_L
Change Component Footprint: Designator=C203 Old Footprint=CAP_C_0603x30 New Footprint=CAP_C_1005X50_L
Change Component Footprint: Designator=C204 Old Footprint=CAP_C_0603x30 New Footprint=CAP_C_1005X50_L
Change Component Footprint: Designator=C205 Old Footprint=CAP_C_0603x30 New Footprint=CAP_C_1005X50_L
Change Component Footprint: Designator=C207 Old Footprint=CAP_C_0603x30 New Footprint=CAP_C_1005X50_L
Change Component Footprint: Designator=C210 Old Footprint=CAP_C_0603x30 New Footprint=CAP_C_1005X50_L
Change Component Footprint: Designator=C215 Old Footprint=CAP_C_0603x30 New Footprint=CAP_C_1005X50_L
Change Component Footprint: Designator=C216 Old Footprint=CAP_C_0603x30 New Footprint=CAP_C_1005X50_L
Change Component Footprint: Designator=C217 Old Footprint=CAP_C_0603x30 New Footprint=CAP_C_1005X50_L
Change Component Footprint: Designator=C218 Old Footprint=CAP_C_0603x30 New Footprint=CAP_C_1005X50_L
Change Component Footprint: Designator=C223 Old Footprint=CAP_C_0603x30 New Footprint=CAP_C_1608X80
Change Component Footprint: Designator=C224 Old Footprint=CAP_C_0603x30 New Footprint=CAP_C_1608X80
Change Component Footprint: Designator=C225 Old Footprint=CAP_C_0603x30 New Footprint=CAP_C_3225X80
Change Footprint: Footprint Not Found CAP 0402_1005
Change Component Footprint: Designator=C141 Old Footprint=CAP_C_1005X50_L New Footprint=CAP_C_1005X60
Change Component Footprint: Designator=C142 Old Footprint=CAP_C_1005X50_L New Footprint=CAP_C_1005X60
Change Component Footprint: Designator=C143 Old Footprint=CAP_C_1005X50_L New Footprint=CAP_C_1005X60
Change Component Footprint: Designator=C144 Old Footprint=CAP_C_1005X50_L New Footprint=CAP_C_1005X60
Change Component Footprint: Designator=C145 Old Footprint=CAP_C_1005X50_L New Footprint=CAP_C_1005X60
Change Component Footprint: Designator=C146 Old Footprint=CAP_C_1005X50_L New Footprint=CAP_C_1005X60
Change Component Footprint: Designator=C147 Old Footprint=CAP_C_1005X50_L New Footprint=CAP_C_1005X60
Change Component Footprint: Designator=C148 Old Footprint=CAP_C_1005X50_L New Footprint=CAP_C_1005X60
Change Component Footprint: Designator=C149 Old Footprint=CAP_C_1005X50_L New Footprint=CAP_C_1005X60
Change Component Footprint: Designator=C150 Old Footprint=CAP_C_1005X50_L New Footprint=CAP_C_1005X60
Change Component Footprint: Designator=C220 Old Footprint=CAP_C_1005X50_L New Footprint=CAP_C_1005X60
Change Component Footprint: Designator=C221 Old Footprint=CAP_C_1005X50_L New Footprint=CAP_C_1005X60
Change Component Footprint: Designator=C222 Old Footprint=CAP_C_1005X50_L New Footprint=CAP_C_1005X60
Change Component Footprint: Designator=C228 Old Footprint=CAP_C_1005X50_L New Footprint=CAP_C_1005X60
Change Component Footprint: Designator=C229 Old Footprint=CAP_C_1005X50_L New Footprint=CAP_C_1005X60
Change Component Footprint: Designator=C230 Old Footprint=CAP_C_1005X50_L New Footprint=CAP_C_1005X60
Change Component Footprint: Designator=C239 Old Footprint=CAP_C_1005X50_L New Footprint=CAP_C_1608X80
Change Component Footprint: Designator=C241 Old Footprint=CAP_C_1005X50_L New Footprint=CAP_C_1608X80
Change Component Footprint: Designator=C231 Old Footprint=CAP_C_1005X50_L New Footprint=CAP_C_2012X110
Change Component Footprint: Designator=C234 Old Footprint=CAP_C_1005X50_L New Footprint=CAP_C_2012X110
Change Component Footprint: Designator=C232 Old Footprint=CAP_C_1005X50_L New Footprint=CAP_C_3225X80
Change Component Footprint: Designator=C233 Old Footprint=CAP_C_1005X50_L New Footprint=CAP_C_3225X80
Change Component Footprint: Designator=C235 Old Footprint=CAP_C_1005X50_L New Footprint=CAP_C_3225X80
Change Component Footprint: Designator=C236 Old Footprint=CAP_C_1005X50_L New Footprint=CAP_C_3225X80
Change Footprint: Footprint Not Found CAP_C_1005X50_L
Change Component Footprint: Designator=C193 Old Footprint=CAP_C_1608X80_L New Footprint=CAP_C_1005X50_L
Change Component Footprint: Designator=C194 Old Footprint=CAP_C_1608X80_L New Footprint=CAP_C_1005X50_L
Change Component Footprint: Designator=C238 Old Footprint=CAP_C_1608X80_L New Footprint=CAP_C_1005X50_L
Change Component Footprint: Designator=C237 Old Footprint=CAP_C_1608X80_L New Footprint=CAP_C_1608X80
Change Component Footprint: Designator=C181 Old Footprint=CAP_C_2012X110 New Footprint=CAP_C_1005X50_L
Change Component Footprint: Designator=C182 Old Footprint=CAP_C_2012X110 New Footprint=CAP_C_1005X50_L
Change Component Footprint: Designator=C185 Old Footprint=CAP_C_2012X110 New Footprint=CAP_C_1005X50_L
Change Component Footprint: Designator=C186 Old Footprint=CAP_C_2012X110 New Footprint=CAP_C_1005X50_L
Change Component Footprint: Designator=C187 Old Footprint=CAP_C_2012X110 New Footprint=CAP_C_1005X50_L
Change Component Footprint: Designator=C188 Old Footprint=CAP_C_2012X110 New Footprint=CAP_C_1005X50_L
Change Component Footprint: Designator=C197 Old Footprint=CAP_C_2012X110 New Footprint=CAP_C_1005X50_L
Change Component Footprint: Designator=C206 Old Footprint=CAP_C_2012X110 New Footprint=CAP_C_1005X50_L
Change Component Footprint: Designator=C211 Old Footprint=CAP_C_2012X110 New Footprint=CAP_C_1005X50_L
Change Component Footprint: Designator=C219 Old Footprint=CAP_C_2012X110 New Footprint=CAP_C_1005X60
Change Component Footprint: Designator=C226 Old Footprint=CAP_C_2012X110 New Footprint=CAP_C_3225X80
Change Component Footprint: Designator=C227 Old Footprint=CAP_C_2012X110 New Footprint=CAP_C_3225X80
Change Component Footprint: Designator=C174 Old Footprint=CAP_C_3225X80 New Footprint=CAP_C_1005X50_L
Change Component Footprint: Designator=C175 Old Footprint=CAP_C_3225X80 New Footprint=CAP_C_1005X50_L
Change Component Footprint: Designator=C176 Old Footprint=CAP_C_3225X80 New Footprint=CAP_C_1005X50_L
Change Component Footprint: Designator=C183 Old Footprint=CAP_C_3225X80 New Footprint=CAP_C_1005X50_L
Change Component Footprint: Designator=U27 Old Footprint=CONV_TPS5430DDAR New Footprint=TFBGA-343_14x14 - 2.5mm
Change Component Footprint: Designator=D7 Old Footprint=DO-214AC_SMA New Footprint=SOT95P280X145-6N
Change Footprint: Footprint Not Found CAT93C46BHU4I-GT3
Change Component Footprint: Designator=U18 Old Footprint=DS90LV011AQ-Q1 New Footprint=SOIC8_S25FL_CYP
Change Component Footprint: Designator=U20 Old Footprint=DS90LV011AQ-Q1 New Footprint=SOIC127P602X173-8N
Change Component Footprint: Designator=U19 Old Footprint=DS90LV011AQ-Q1 New Footprint=SOP65P640X120-16N
Change Footprint: Footprint Not Found FER 0603_1608
Change Footprint: Footprint Not Found FER 0603_1608
Change Component Footprint: Designator=JP6 Old Footprint=JUMPER_254P_2X1_ANGLE New Footprint=RES_C_1608X60
Change Component Footprint: Designator=JP7 Old Footprint=JUMPER_1608 New Footprint=JUMPER_1-2_1608X60
Change Component Footprint: Designator=D6 Old Footprint=LED_0603 New Footprint=SOT95P280X145-6N
Change Component Footprint: Designator=J6 Old Footprint=MOLEX_5040500491 New Footprint=MOLEX_0532610671
Change Component Footprint: Designator=J5 Old Footprint=MOLEX_5040500991 New Footprint=MOLEX_0532610671
Change Footprint: Footprint Not Found RES 0402_1005
Change Footprint: Footprint Not Found RES 0402_1005
Change Footprint: Footprint Not Found RES 0402_1005
Change Footprint: Footprint Not Found RES 0402_1005
Change Component Footprint: Designator=R146 Old Footprint=RES_C_1005x30_L New Footprint=RES_C_1005X40
Change Component Footprint: Designator=R174 Old Footprint=RES_C_1005x30_L New Footprint=RES_C_1005X40
Change Component Footprint: Designator=R175 Old Footprint=RES_C_1005x30_L New Footprint=RES_C_1005X40
Change Component Footprint: Designator=R176 Old Footprint=RES_C_1005x30_L New Footprint=RES_C_1005X40
Change Component Footprint: Designator=R177 Old Footprint=RES_C_1005x30_L New Footprint=RES_C_1005X40
Change Component Footprint: Designator=R178 Old Footprint=RES_C_1005x30_L New Footprint=RES_C_1005X40
Change Component Footprint: Designator=R179 Old Footprint=RES_C_1005x30_L New Footprint=RES_C_1005X40
Change Component Footprint: Designator=R180 Old Footprint=RES_C_1005x30_L New Footprint=RES_C_1005X40
Change Component Footprint: Designator=R181 Old Footprint=RES_C_1005x30_L New Footprint=RES_C_1005X40
Change Component Footprint: Designator=R182 Old Footprint=RES_C_1005x30_L New Footprint=RES_C_1005X40
Change Component Footprint: Designator=R183 Old Footprint=RES_C_1005x30_L New Footprint=RES_C_1005X40
Change Component Footprint: Designator=R184 Old Footprint=RES_C_1005x30_L New Footprint=RES_C_1005X40
Change Component Footprint: Designator=R284 Old Footprint=RES_C_1005x30_L New Footprint=RES_C_1005X40
Change Component Footprint: Designator=R285 Old Footprint=RES_C_1005x30_L New Footprint=RES_C_1005X40
Change Component Footprint: Designator=R286 Old Footprint=RES_C_1005x30_L New Footprint=RES_C_1005X40
Change Component Footprint: Designator=R287 Old Footprint=RES_C_1005x30_L New Footprint=RES_C_1005X40
Change Component Footprint: Designator=R288 Old Footprint=RES_C_1005x30_L New Footprint=RES_C_1005X40
Change Component Footprint: Designator=R289 Old Footprint=RES_C_1005x30_L New Footprint=RES_C_1005X40
Change Component Footprint: Designator=R290 Old Footprint=RES_C_1005x30_L New Footprint=RES_C_1005X40
Change Component Footprint: Designator=R291 Old Footprint=RES_C_1005x30_L New Footprint=RES_C_1005X40
Change Component Footprint: Designator=R292 Old Footprint=RES_C_1005x30_L New Footprint=RES_C_1005X40
Change Component Footprint: Designator=R293 Old Footprint=RES_C_1005x30_L New Footprint=RES_C_1005X40
Change Component Footprint: Designator=R294 Old Footprint=RES_C_1005x30_L New Footprint=RES_C_1005X40
Change Component Footprint: Designator=R295 Old Footprint=RES_C_1005x30_L New Footprint=RES_C_1005X40
Change Component Footprint: Designator=R296 Old Footprint=RES_C_1005x30_L New Footprint=RES_C_1005X40
Change Component Footprint: Designator=R297 Old Footprint=RES_C_1005x30_L New Footprint=RES_C_1005X40
Change Component Footprint: Designator=R298 Old Footprint=RES_C_1005x30_L New Footprint=RES_C_1005X40
Change Component Footprint: Designator=R299 Old Footprint=RES_C_1005x30_L New Footprint=RES_C_1005X40
Change Component Footprint: Designator=R300 Old Footprint=RES_C_1005x30_L New Footprint=RES_C_1005X40
Change Component Footprint: Designator=R301 Old Footprint=RES_C_1005x30_L New Footprint=RES_C_1005X40
Change Component Footprint: Designator=R302 Old Footprint=RES_C_1005x30_L New Footprint=RES_C_1005X40
Change Component Footprint: Designator=R303 Old Footprint=RES_C_1005x30_L New Footprint=RES_C_1005X40
Change Component Footprint: Designator=R304 Old Footprint=RES_C_1005x30_L New Footprint=RES_C_1005X40
Change Component Footprint: Designator=R309 Old Footprint=RES_C_1005x30_L New Footprint=RES_C_1005X40
Change Component Footprint: Designator=R314 Old Footprint=RES_C_1005x30_L New Footprint=RES_C_1005X40
Change Component Footprint: Designator=R81 Old Footprint=RES_C_1005x30_L New Footprint=RES_C_1206_SHUNT
Change Component Footprint: Designator=R83 Old Footprint=RES_C_1005x30_L New Footprint=RES_C_1206_SHUNT
Change Component Footprint: Designator=R103 Old Footprint=RES_C_1005x30_L New Footprint=RES_C_1206_SHUNT
Change Component Footprint: Designator=R105 Old Footprint=RES_C_1005x30_L New Footprint=RES_C_1206_SHUNT
Change Component Footprint: Designator=D8 Old Footprint=SOD123_MCC New Footprint=SOT95P280X145-6N
Change Component Footprint: Designator=U13 Old Footprint=SOIC127P602X173-8N New Footprint=SOIC_PRQ1_TEX
Change Component Footprint: Designator=U14 Old Footprint=SOIC127P602X173-8N New Footprint=SOIC_PRQ1_TEX
Change Component Footprint: Designator=U11 Old Footprint=SOIC_PRQ1_TEX New Footprint=FTG256
Change Component Footprint: Designator=U10 Old Footprint=SOIC_PRQ1_TEX New Footprint=SOIC127P1032X265-16N
Change Footprint: Footprint Not Found SOP65P640X120-20N
Change Component Footprint: Designator=U24 Old Footprint=SOP50P490X110-10N New Footprint=VQFN-HR-10
Change Component Footprint: Designator=U9 Old Footprint=SOP65P640X120-16N New Footprint=SOIC127P1032X265-16N
Change Component Footprint: Designator=L5 Old Footprint=SRP7050TA-220M New Footprint=IND_C_1008
Change Footprint: Footprint Not Found SOP65P640X120-20N
Change Component Footprint: Designator=U28 Old Footprint=VREG_LM1117MP-3.3/NOPB New Footprint=21-0041-3-M_90-0096-8L_MXM
Change Component Comment : Designator=JP7 Old Comment= New Comment=DNP/0R
Change Component Comment : Designator=JP8 Old Comment= New Comment=DNP/0R
Change Component Comment : Designator=D2 Old Comment=_LED_BLUE New Comment=_LED_GREEN
Change Component Comment : Designator=D6 Old Comment=_LED_RED New Comment=USBLC6-2SC6
Change Component Comment : Designator=D10 Old Comment=_LED_YELLOW New Comment=_LED_GREEN
Change Component Comment : Designator=C152 Old Comment=0.1uF/10V New Comment=0.47uF/10V
Change Component Comment : Designator=C184 Old Comment=0.1uF/10V New Comment=0.47uF/10V
Change Component Comment : Designator=C201 Old Comment=0.1uF/10V New Comment=0.47uF/10V
Change Component Comment : Designator=C202 Old Comment=0.1uF/10V New Comment=0.47uF/10V
Change Component Comment : Designator=C203 Old Comment=0.1uF/10V New Comment=0.47uF/10V
Change Component Comment : Designator=C204 Old Comment=0.1uF/10V New Comment=0.47uF/10V
Change Component Comment : Designator=C146 Old Comment=0.1uF/10V New Comment=1uF/10V
Change Component Comment : Designator=C137 Old Comment=0.1uF/10V New Comment=1uF/20V
Change Component Comment : Designator=C142 Old Comment=0.1uF/10V New Comment=1uF/20V
Change Component Comment : Designator=C144 Old Comment=0.1uF/10V New Comment=1uF/20V
Change Component Comment : Designator=C145 Old Comment=0.1uF/10V New Comment=1uF/20V
Change Component Comment : Designator=C147 Old Comment=0.1uF/10V New Comment=1uF/20V
Change Component Comment : Designator=C148 Old Comment=0.1uF/10V New Comment=1uF/20V
Change Component Comment : Designator=C149 Old Comment=0.1uF/10V New Comment=1uF/20V
Change Component Comment : Designator=C150 Old Comment=0.1uF/10V New Comment=1uF/20V
Change Component Comment : Designator=C228 Old Comment=0.1uF/10V New Comment=1uF/20V
Change Component Comment : Designator=C229 Old Comment=0.1uF/10V New Comment=2.2nF/10V
Change Component Comment : Designator=C230 Old Comment=0.1uF/10V New Comment=2.2nF/10V
Change Component Comment : Designator=C130 Old Comment=0.1uF/10V New Comment=4.7uF/10V
Change Component Comment : Designator=C131 Old Comment=0.1uF/10V New Comment=4.7uF/10V
Change Component Comment : Designator=C169 Old Comment=0.1uF/10V New Comment=4.7uF/10V
Change Component Comment : Designator=C173 Old Comment=0.1uF/10V New Comment=4.7uF/10V
Change Component Comment : Designator=C205 Old Comment=0.1uF/10V New Comment=4.7uF/10V
Change Component Comment : Designator=C207 Old Comment=0.1uF/10V New Comment=4.7uF/10V
Change Component Comment : Designator=C223 Old Comment=0.1uF/10V New Comment=4.7uF/10V
Change Component Comment : Designator=C224 Old Comment=0.1uF/10V New Comment=4.7uF/10V
Change Component Comment : Designator=C151 Old Comment=0.1uF/10V New Comment=10nF/10V
Change Component Comment : Designator=C231 Old Comment=0.1uF/10V New Comment=10uF/20V
Change Component Comment : Designator=C234 Old Comment=0.1uF/10V New Comment=10uF/20V
Change Component Comment : Designator=C172 Old Comment=0.1uF/10V New Comment=47uF/10V
Change Component Comment : Designator=C225 Old Comment=0.1uF/10V New Comment=47uF/25V
Change Component Comment : Designator=C232 Old Comment=0.1uF/10V New Comment=47uF/25V
Change Component Comment : Designator=C233 Old Comment=0.1uF/10V New Comment=47uF/25V
Change Component Comment : Designator=C235 Old Comment=0.1uF/10V New Comment=47uF/25V
Change Component Comment : Designator=C236 Old Comment=0.1uF/10V New Comment=47uF/25V
Change Component Comment : Designator=C210 Old Comment=0.1uF/10V New Comment=100uF/10V
Change Component Comment : Designator=C159 Old Comment=0.1uF/20V New Comment=0.47uF/10V
Change Component Comment : Designator=C157 Old Comment=0.1uF/20V New Comment=4.7uF/10V
Change Component Comment : Designator=C161 Old Comment=0.1uF/20V New Comment=4.7uF/10V
Change Component Comment : Designator=C163 Old Comment=0.1uF/20V New Comment=4.7uF/10V
Change Component Comment : Designator=C180 Old Comment=0.01uF/16V New Comment=0.1uF/10V
Change Component Comment : Designator=R290 Old Comment=0R New Comment=10k
Change Component Comment : Designator=R291 Old Comment=0R New Comment=10k
Change Component Comment : Designator=R292 Old Comment=0R New Comment=10k
Change Component Comment : Designator=R293 Old Comment=0R New Comment=10k
Change Component Comment : Designator=R259 Old Comment=0R New Comment=22R
Change Component Comment : Designator=R269 Old Comment=0R New Comment=22R
Change Component Comment : Designator=R270 Old Comment=0R New Comment=22R
Change Component Comment : Designator=R272 Old Comment=0R New Comment=22R
Change Component Comment : Designator=R274 Old Comment=0R New Comment=22R
Change Component Comment : Designator=R330 Old Comment=0R New Comment=22R
Change Component Comment : Designator=R331 Old Comment=0R New Comment=22R
Change Component Comment : Designator=R332 Old Comment=0R New Comment=22R
Change Component Comment : Designator=R333 Old Comment=0R New Comment=22R
Change Component Comment : Designator=R334 Old Comment=0R New Comment=22R
Change Component Comment : Designator=R336 Old Comment=0R New Comment=22R
Change Component Comment : Designator=R294 Old Comment=0R New Comment=100R
Change Component Comment : Designator=R328 Old Comment=0R New Comment=400k
Change Component Comment : Designator=R289 Old Comment=0R New Comment=DNP/0R
Change Component Comment : Designator=R260 Old Comment=0R New Comment=DNP/4.7k
Change Component Comment : Designator=R277 Old Comment=0R New Comment=DNP/4.7k
Change Component Comment : Designator=R250 Old Comment=1.6k New Comment=4.7k
Change Component Comment : Designator=R309 Old Comment=1k New Comment=3.24k
Change Component Comment : Designator=R251 Old Comment=1k New Comment=4.7k
Change Component Comment : Designator=R253 Old Comment=1k New Comment=4.7k
Change Component Comment : Designator=R256 Old Comment=1k New Comment=4.7k
Change Component Comment : Designator=R257 Old Comment=1k New Comment=4.7k
Change Component Comment : Designator=R315 Old Comment=1k New Comment=10k
Change Component Comment : Designator=R191 Old Comment=1k New Comment=22R
Change Component Comment : Designator=R192 Old Comment=1k New Comment=22R
Change Component Comment : Designator=R284 Old Comment=1k New Comment=22R
Change Component Comment : Designator=R327 Old Comment=1k New Comment=100k
Change Component Comment : Designator=R258 Old Comment=1k New Comment=DNP/4.7k
Change Component Comment : Designator=D8 Old Comment=1N4148W-TP New Comment=USBLC6-2SC6
Change Component Comment : Designator=C133 Old Comment=1uF/20V New Comment=0.1uF/10V
Change Component Comment : Designator=C158 Old Comment=1uF/20V New Comment=0.47uF/10V
Change Component Comment : Designator=C160 Old Comment=1uF/20V New Comment=0.47uF/10V
Change Component Comment : Designator=C141 Old Comment=1uF/20V New Comment=1uF/10V
Change Component Comment : Designator=C156 Old Comment=1uF/20V New Comment=4.7uF/10V
Change Component Comment : Designator=C162 Old Comment=1uF/20V New Comment=4.7uF/10V
Change Component Comment : Designator=C177 Old Comment=1uF/20V New Comment=47uF/10V
Change Component Comment : Designator=C179 Old Comment=2.2nF/10V New Comment=4.7uF/10V
Change Component Comment : Designator=C178 Old Comment=2.2nF/10V New Comment=47uF/10V
Change Component Comment : Designator=R252 Old Comment=3.24k New Comment=4.7k
Change Component Comment : Designator=R255 Old Comment=3.24k New Comment=10k
Change Component Comment : Designator=R245 Old Comment=4.7k New Comment=1.8k
Change Component Comment : Designator=R326 Old Comment=4.7k New Comment=3.24k
Change Component Comment : Designator=R184 Old Comment=4.7k New Comment=10k
Change Component Comment : Designator=R174 Old Comment=4.7k New Comment=22R
Change Component Comment : Designator=R182 Old Comment=4.7k New Comment=22R
Change Component Comment : Designator=R183 Old Comment=4.7k New Comment=22R
Change Component Comment : Designator=R185 Old Comment=4.7k New Comment=22R
Change Component Comment : Designator=R186 Old Comment=4.7k New Comment=22R
Change Component Comment : Designator=R187 Old Comment=4.7k New Comment=22R
Change Component Comment : Designator=R188 Old Comment=4.7k New Comment=22R
Change Component Comment : Designator=R242 Old Comment=4.7k New Comment=100R
Change Component Comment : Designator=R297 Old Comment=4.7k New Comment=100R
Change Component Comment : Designator=R324 Old Comment=4.7k New Comment=150k
Change Component Comment : Designator=R323 Old Comment=4.7k New Comment=187k
Change Component Comment : Designator=R325 Old Comment=4.7k New Comment=470k
Change Component Comment : Designator=R298 Old Comment=4.7k New Comment=???k
Change Component Comment : Designator=C213 Old Comment=4.7uF/10V New Comment=0.1µF
Change Component Comment : Designator=C214 Old Comment=4.7uF/10V New Comment=0.1uF/10V
Change Component Comment : Designator=C219 Old Comment=4.7uF/10V New Comment=0.1uF/10V
Change Component Comment : Designator=C220 Old Comment=4.7uF/10V New Comment=0.1uF/10V
Change Component Comment : Designator=C221 Old Comment=4.7uF/10V New Comment=0.1uF/10V
Change Component Comment : Designator=C222 Old Comment=4.7uF/10V New Comment=0.1uF/10V
Change Component Comment : Designator=C242 Old Comment=4.7uF/10V New Comment=18pF/10V
Change Component Comment : Designator=C241 Old Comment=4.7uF/10V New Comment=22uF/10V
Change Component Comment : Designator=C226 Old Comment=4.7uF/10V New Comment=47uF/25V
Change Component Comment : Designator=C227 Old Comment=4.7uF/10V New Comment=47uF/25V
Change Component Comment : Designator=C209 Old Comment=4.7uF/10V New Comment=100uF/10V
Change Component Comment : Designator=R314 Old Comment=10k New Comment=3.24k
Change Component Comment : Designator=R207 Old Comment=10k New Comment=4.7k
Change Component Comment : Designator=R219 Old Comment=10k New Comment=4.7k
Change Component Comment : Designator=R248 Old Comment=10k New Comment=4.7k
Change Component Comment : Designator=R249 Old Comment=10k New Comment=4.7k
Change Component Comment : Designator=R283 Old Comment=10k New Comment=16.5k
Change Component Comment : Designator=R176 Old Comment=10k New Comment=22R
Change Component Comment : Designator=R177 Old Comment=10k New Comment=22R
Change Component Comment : Designator=R179 Old Comment=10k New Comment=22R
Change Component Comment : Designator=R180 Old Comment=10k New Comment=22R
Change Component Comment : Designator=R189 Old Comment=10k New Comment=22R
Change Component Comment : Designator=R190 Old Comment=10k New Comment=22R
Change Component Comment : Designator=R193 Old Comment=10k New Comment=22R
Change Component Comment : Designator=R194 Old Comment=10k New Comment=22R
Change Component Comment : Designator=R200 Old Comment=10k New Comment=22R
Change Component Comment : Designator=R201 Old Comment=10k New Comment=22R
Change Component Comment : Designator=R206 Old Comment=10k New Comment=22R
Change Component Comment : Designator=R322 Old Comment=10k New Comment=100k
Change Component Comment : Designator=R317 Old Comment=10k New Comment=316k
Change Component Comment : Designator=C182 Old Comment=10uF/20V New Comment=0.47uF/10V
Change Component Comment : Designator=C185 Old Comment=10uF/20V New Comment=0.47uF/10V
Change Component Comment : Designator=C181 Old Comment=10uF/20V New Comment=4.7uF/10V
Change Component Comment : Designator=C186 Old Comment=10uF/20V New Comment=4.7uF/10V
Change Component Comment : Designator=C187 Old Comment=10uF/20V New Comment=4.7uF/10V
Change Component Comment : Designator=C188 Old Comment=10uF/20V New Comment=4.7uF/10V
Change Component Comment : Designator=C238 Old Comment=10uF/20V New Comment=18pF/10V
Change Component Comment : Designator=C237 Old Comment=10uF/20V New Comment=22uF/10V
Change Component Comment : Designator=C193 Old Comment=10uF/20V New Comment=100uF/10V
Change Component Comment : Designator=C194 Old Comment=10uF/20V New Comment=100uF/10V
Change Component Comment : Designator=C239 Old Comment=18pF/10V New Comment=22uF/10V
Change Component Comment : Designator=R107 Old Comment=22R New Comment=4.7k
Change Component Comment : Designator=R60 Old Comment=22R New Comment=10k
Change Component Comment : Designator=R79 Old Comment=22R New Comment=10k
Change Component Comment : Designator=R113 Old Comment=22R New Comment=10k
Change Component Comment : Designator=R114 Old Comment=22R New Comment=10k
Change Component Comment : Designator=R117 Old Comment=22R New Comment=10k
Change Component Comment : Designator=R134 Old Comment=22R New Comment=10k
Change Component Comment : Designator=R136 Old Comment=22R New Comment=10k
Change Component Comment : Designator=R144 Old Comment=22R New Comment=10k
Change Component Comment : Designator=R145 Old Comment=22R New Comment=10k
Change Component Comment : Designator=R110 Old Comment=22R New Comment=120R
Change Component Comment : Designator=R54 Old Comment=22R New Comment=DNP/4.7k
Change Component Comment : Designator=R57 Old Comment=22R New Comment=DNP/4.7k
Change Component Comment : Designator=R83 Old Comment=22R New Comment=KRL1632E-M-R010-F-T5
Change Component Comment : Designator=R103 Old Comment=22R New Comment=KRL1632E-M-R010-F-T5
Change Component Comment : Designator=R105 Old Comment=22R New Comment=KRL1632E-M-R010-F-T5
Change Component Comment : Designator=R244 Old Comment=47k New Comment=4.7k
Change Component Comment : Designator=R247 Old Comment=47k New Comment=4.7k
Change Component Comment : Designator=R243 Old Comment=47k New Comment=22R
Change Component Comment : Designator=C175 Old Comment=47uF/25V New Comment=0.47uF/10V
Change Component Comment : Designator=C183 Old Comment=47uF/25V New Comment=0.47uF/10V
Change Component Comment : Designator=C174 Old Comment=47uF/25V New Comment=4.7uF/10V
Change Component Comment : Designator=C176 Old Comment=47uF/25V New Comment=100uF/10V
Change Component Comment : Designator=R226 Old Comment=60R New Comment=10k
Change Component Comment : Designator=R228 Old Comment=60R New Comment=120R
Change Component Comment : Designator=R220 Old Comment=100R New Comment=4.7k
Change Component Comment : Designator=R221 Old Comment=100R New Comment=4.7k
Change Component Comment : Designator=R329 Old Comment=100R New Comment=10k
Change Component Comment : Designator=R335 Old Comment=100R New Comment=22R
Change Component Comment : Designator=R246 Old Comment=470k New Comment=4.7k
Change Component Comment : Designator=J9 Old Comment=473460001 New Comment=Header 8x1
Change Component Comment : Designator=J1 Old Comment=5040500591 New Comment=Molex_1051620001
Change Component Comment : Designator=J3 Old Comment=5040500691 New Comment=0473460001
Change Component Comment : Designator=J4 Old Comment=5040500691 New Comment=0532610471
Change Comment: Unknown Component : J8
Change Component Comment : Designator=J5 Old Comment=5040500991 New Comment=0532610671
Change Component Comment : Designator=FB1 Old Comment=BLM18PG121SN1D New Comment=600 Ohms @ 100 MHz
Change Component Comment : Designator=FB2 Old Comment=BLM18PG121SN1D New Comment=600 Ohms @ 100 MHz
Change Component Comment : Designator=R263 Old Comment=DNP/0R New Comment=0R
Change Component Comment : Designator=R264 Old Comment=DNP/0R New Comment=0R
Change Component Comment : Designator=R304 Old Comment=DNP/0R New Comment=1.6k
Change Component Comment : Designator=R302 Old Comment=DNP/0R New Comment=3.24k
Change Component Comment : Designator=R278 Old Comment=DNP/0R New Comment=4.7k
Change Component Comment : Designator=R279 Old Comment=DNP/0R New Comment=4.7k
Change Component Comment : Designator=R280 Old Comment=DNP/0R New Comment=4.7k
Change Component Comment : Designator=R295 Old Comment=DNP/0R New Comment=10k
Change Component Comment : Designator=R296 Old Comment=DNP/0R New Comment=10k
Change Component Comment : Designator=R262 Old Comment=DNP/0R New Comment=22R
Change Component Comment : Designator=R268 Old Comment=DNP/0R New Comment=22R
Change Component Comment : Designator=R271 Old Comment=DNP/0R New Comment=22R
Change Component Comment : Designator=R273 Old Comment=DNP/0R New Comment=22R
Change Component Comment : Designator=R275 Old Comment=DNP/0R New Comment=22R
Change Component Comment : Designator=R276 Old Comment=DNP/0R New Comment=22R
Change Component Comment : Designator=R285 Old Comment=DNP/0R New Comment=22R
Change Component Comment : Designator=R286 Old Comment=DNP/0R New Comment=22R
Change Component Comment : Designator=R287 Old Comment=DNP/0R New Comment=22R
Change Component Comment : Designator=R299 Old Comment=DNP/0R New Comment=47k
Change Component Comment : Designator=R300 Old Comment=DNP/0R New Comment=47k
Change Component Comment : Designator=R301 Old Comment=DNP/0R New Comment=??k
Change Component Comment : Designator=R303 Old Comment=DNP/0R New Comment=?k
Change Component Comment : Designator=R261 Old Comment=DNP/0R New Comment=DNP/4.7k
Change Component Comment : Designator=R281 Old Comment=DNP/0R New Comment=DNP/4.7k
Change Component Comment : Designator=R282 Old Comment=DNP/0R New Comment=DNP/4.7k
Change Component Comment : Designator=R81 Old Comment=DNP/1M 1% New Comment=KRL1632E-M-R010-F-T5
Change Component Comment : Designator=R218 Old Comment=DNP/4.7k New Comment=4.7k
Change Component Comment : Designator=R80 Old Comment=DNP/4.7k New Comment=10k
Change Component Comment : Designator=U20 Old Comment=DS90LT012AQ-Q1 New Comment=MIC2026-1YM
Change Component Comment : Designator=U19 Old Comment=DS90LT012AQ-Q1 New Comment=SN74LV4052APWR
Change Component Comment : Designator=U17 Old Comment=DS90LV011AQ-Q1 New Comment=CAT93C46BHU4I-GT3
Change Component Comment : Designator=U18 Old Comment=DS90LV011AQ-Q1 New Comment=S25FL128LAGMFI010
Change Component Comment : Designator=U25 Old Comment=FSUSB42MUX New Comment=SN74HCT244PWR
Change Component Comment : Designator=U24 Old Comment=FSUSB42MUX New Comment=TPS259470ARPWR
Change Component Comment : Designator=JP6 Old Comment=JUMPER_254P_NOPLACE New Comment=DNP/0R
Change Component Comment : Designator=U28 Old Comment=LM1117MP-3.3/NOPB New Comment=MAX3485CSA+T
Change Component Comment : Designator=Q2 Old Comment=MMBT2222A New Comment=DMG302PU-7
Change Component Comment : Designator=Q5 Old Comment=MMBT2222A New Comment=DMG302PU-7
Change Comment: Unknown Component : J7
Change Component Comment : Designator=J6 Old Comment=MOLEX_5040500491 New Comment=0532610671
Change Component Comment : Designator=U5 Old Comment=MTFC32GAZAQDW-AAT New Comment=MTFC16GAKAEDQ-AIT TR
Change Component Comment : Designator=U13 Old Comment=OPA2340UA New Comment=SN3257QPWRQ1
Change Component Comment : Designator=U14 Old Comment=OPA2340UA New Comment=SN3257QPWRQ1
Change Component Comment : Designator=U9 Old Comment=SN74LV4052APWR New Comment=MAX3232IDWR
Change Component Comment : Designator=U10 Old Comment=SN3257QPWRQ1 New Comment=MAX3232IDWR
Change Component Comment : Designator=U11 Old Comment=SN3257QPWRQ1 New Comment=XC7A35T-1FTG256C
Change Component Comment : Designator=L5 Old Comment=SRP7050TA-220M New Comment=DFE252012P-1R5M=P2
Change Component Comment : Designator=D7 Old Comment=SS54 New Comment=USBLC6-2SC6
Change Component Comment : Designator=U27 Old Comment=TPS5430DDAR New Comment=
Change Component Comment : Designator=U26 Old Comment=TPS259470ARPWR New Comment=SN74HCT244PWR
Change Managed Component Library Link : Designator=U11 Old VaultGUID= New VaultGUID=B7D15EC3-160A-466F-A46C-7801FE6295A7 Old ItemGUID= New ItemGUID=0534FA7F-27C8-46A1-80FD-D31E8D78C5DD Old RevisionGUID= New RevisionGUID=4E131627-60B1-48B0-AA6F-E5F35DF872C8
Change component parameters: Designator = "U9" ("U9"); Footprint = "SOP65P640X120-16N"; UniqueID = "\NXSXQVJR" ("\NXSXQVJR")
Change component parameters (AddParameter): Name = "Check_prices"; Value = "https://www.snapeda.com/parts/MAX3232CSE+T/Analog+Devices/view-part/?ref=eda"; VariantName = "[No Variations]"
Change component parameters (AddParameter): Name = "MF"; Value = "Analog Devices"; VariantName = "[No Variations]"
Change component parameters (AddParameter): Name = "MP"; Value = "MAX3232CSE+T"; VariantName = "[No Variations]"
Change component parameters (AddParameter): Name = "Package"; Value = "SOIC-16 Maxim Integrated"; VariantName = "[No Variations]"
Change component parameters (AddParameter): Name = "SnapEDA_Link"; Value = "https://www.snapeda.com/parts/MAX3232CSE+T/Analog+Devices/view-part/?ref=snap"; VariantName = "[No Variations]"
Change component parameters (AddParameter): Name = "Value"; Value = ""; VariantName = "[No Variations]"
Change component parameters: Designator = "J3" ("J3"); Footprint = "5040500691"; UniqueID = "\WZTWRMKM" ("\WZTWRMKM")
Change component parameters (AddParameter): Name = "Mfr_Name"; Value = "Molex Connector Corporation"; VariantName = "[No Variations]"
Change component parameters (AddParameter): Name = "RefDes"; Value = "RefDes"; VariantName = "[No Variations]"
Change component parameters (AddParameter): Name = "Type"; Value = "Type"; VariantName = "[No Variations]"
Change component parameters: Designator = "J9" ("J9"); Footprint = "47346-0001_MOL"; UniqueID = "\VGAFKVCZ" ("\VGAFKVCZ")
Change component parameters: Designator = "U18" ("U18"); Footprint = "DS90LV011AQ-Q1"; UniqueID = "\ULYTOXFJ" ("\ULYTOXFJ")
Change component parameters (AddParameter): Name = "Copyright"; Value = "Copyright (C) 2025 Ultra Librarian. All rights reserved."; VariantName = "[No Variations]"
Change component parameters (AddParameter): Name = "Manufacturer_Name"; Value = "Cypress Semiconductor"; VariantName = "[No Variations]"
Change component parameters (AddParameter): Name = "Manufacturer_Part_Number"; Value = "S25FL128LAGMFI010"; VariantName = "[No Variations]"
Change component parameters (AddParameter): Name = "RefDes"; Value = "RefDes"; VariantName = "[No Variations]"
Change component parameters (AddParameter): Name = "Type"; Value = "Type"; VariantName = "[No Variations]"
Change component parameters: Component "J7" not found
Change component parameters: Designator = "Q2" ("Q2"); Footprint = "SOT95P240X120-3N"; UniqueID = "\YWBUUSOK" ("\YWBUUSOK")
Change component parameters: Designator = "Q5" ("Q5"); Footprint = "SOT95P240X120-3N"; UniqueID = "\MQBSQEDZ" ("\MQBSQEDZ")
Change component parameters: Designator = "U19" ("U19"); Footprint = "DS90LV011AQ-Q1"; UniqueID = "\PZLGDBHK" ("\PZLGDBHK")
Change component parameters (AddParameter): Name = "Check_prices"; Value = "https://www.snapeda.com/parts/SN74LV4052APWR/Texas+Instruments/view-part/?ref=eda"; VariantName = "[No Variations]"
Change component parameters (AddParameter): Name = "MF"; Value = "Texas Instruments"; VariantName = "[No Variations]"
Change component parameters (AddParameter): Name = "MP"; Value = "SN74LV4052APWR"; VariantName = "[No Variations]"
Change component parameters (AddParameter): Name = "Package"; Value = "TSSOP-16 Texas Instruments"; VariantName = "[No Variations]"
Change component parameters (AddParameter): Name = "SnapEDA_Link"; Value = "https://www.snapeda.com/parts/SN74LV4052APWR/Texas+Instruments/view-part/?ref=snap"; VariantName = "[No Variations]"
Change component parameters (AddParameter): Name = "Value"; Value = ""; VariantName = "[No Variations]"
Change component parameters: Designator = "U20" ("U20"); Footprint = "DS90LV011AQ-Q1"; UniqueID = "\KMUUBUNP" ("\KMUUBUNP")
Change component parameters (AddParameter): Name = "Check_prices"; Value = "https://www.snapeda.com/parts/MIC2026-1YM/Microchip/view-part/?ref=eda"; VariantName = "[No Variations]"
Change component parameters (AddParameter): Name = "MF"; Value = "Microchip"; VariantName = "[No Variations]"
Change component parameters (AddParameter): Name = "MP"; Value = "MIC2026-1YM"; VariantName = "[No Variations]"
Change component parameters (AddParameter): Name = "Package"; Value = "SO-8 Microchip"; VariantName = "[No Variations]"
Change component parameters (AddParameter): Name = "SnapEDA_Link"; Value = "https://www.snapeda.com/parts/MIC2026-1YM/Microchip/view-part/?ref=snap"; VariantName = "[No Variations]"
Change component parameters (AddParameter): Name = "Value"; Value = ""; VariantName = "[No Variations]"
Change component parameters: Designator = "U24" ("U24"); Footprint = "SOP50P490X110-10N"; UniqueID = "\DJDNLTFB" ("\DJDNLTFB")
Change component parameters: Designator = "U17" ("U17"); Footprint = "DS90LV011AQ-Q1"; UniqueID = "\KOECCBSO" ("\KOECCBSO")
Change component parameters (AddParameter): Name = "ComponentLink1Description"; Value = "http://www.onsemi.com/pub_link/Collateral/CAT93C46B-D.PDF?src-supplier=Avnet"; VariantName = "[No Variations]"
Change component parameters (AddParameter): Name = "ComponentLink1URL"; Value = "http://www.onsemi.com/pub_link/Collateral/CAT93C46B-D.PDF?src-supplier=Avnet"; VariantName = "[No Variations]"
Change component parameters (AddParameter): Name = "ComponentLink2Description"; Value = "http://www.onsemi.com/pub/Collateral/CAT93C46B-D.PDF?src-supplier=Digi-Key"; VariantName = "[No Variations]"
Change component parameters (AddParameter): Name = "ComponentLink2URL"; Value = "http://www.onsemi.com/pub/Collateral/CAT93C46B-D.PDF?src-supplier=Digi-Key"; VariantName = "[No Variations]"
Change component parameters (AddParameter): Name = "Supplier 1"; Value = "Arrow Electronics"; VariantName = "[No Variations]"
Change component parameters (AddParameter): Name = "Supplier Part Number 1"; Value = "CAT93C46BHU4I-GT3"; VariantName = "[No Variations]"
Change component parameters: Designator = "J4" ("J4"); Footprint = "5040500691"; UniqueID = "\SNSRIMAR" ("\SNSRIMAR")
Change component parameters: Component "J8" not found
Change component parameters: Designator = "U13" ("U13"); Footprint = "SOIC127P602X173-8N"; UniqueID = "\MBTJOOGC" ("\MBTJOOGC")
Change component parameters (AddParameter): Name = "Copyright"; Value = "Copyright (C) 2025 Ultra Librarian. All rights reserved."; VariantName = "[No Variations]"
Change component parameters (AddParameter): Name = "Datasheet"; Value = "https://www.ti.com/lit/gpn/sn3257-q1"; VariantName = "[No Variations]"
Change component parameters (AddParameter): Name = "Manufacturer_Name"; Value = "Texas Instruments"; VariantName = "[No Variations]"
Change component parameters (AddParameter): Name = "Manufacturer_Part_Number"; Value = "SN3257QPWRQ1"; VariantName = "[No Variations]"
Change component parameters (AddParameter): Name = "RefDes"; Value = "RefDes"; VariantName = "[No Variations]"
Change component parameters (AddParameter): Name = "Type"; Value = "Type"; VariantName = "[No Variations]"
Change component parameters: Designator = "U14" ("U14"); Footprint = "SOIC127P602X173-8N"; UniqueID = "\QOPQDMZZ" ("\QOPQDMZZ")
Change component parameters (AddParameter): Name = "Copyright"; Value = "Copyright (C) 2025 Ultra Librarian. All rights reserved."; VariantName = "[No Variations]"
Change component parameters (AddParameter): Name = "Datasheet"; Value = "https://www.ti.com/lit/gpn/sn3257-q1"; VariantName = "[No Variations]"
Change component parameters (AddParameter): Name = "Manufacturer_Name"; Value = "Texas Instruments"; VariantName = "[No Variations]"
Change component parameters (AddParameter): Name = "Manufacturer_Part_Number"; Value = "SN3257QPWRQ1"; VariantName = "[No Variations]"
Change component parameters (AddParameter): Name = "RefDes"; Value = "RefDes"; VariantName = "[No Variations]"
Change component parameters (AddParameter): Name = "Type"; Value = "Type"; VariantName = "[No Variations]"
Change component parameters: Designator = "D9" ("D9"); Footprint = "DO-214AC_SMA"; UniqueID = "\RTNVLUIR" ("\RTNVLUIR")
Change component parameters: Designator = "U25" ("U25"); Footprint = "SOP50P490X110-10N"; UniqueID = "\CUIFWKTL" ("\CUIFWKTL")
Change component parameters (AddParameter): Name = "Availability"; Value = "Good"; VariantName = "[No Variations]"
Change component parameters (AddParameter): Name = "MF"; Value = "Texas Instruments"; VariantName = "[No Variations]"
Change component parameters (AddParameter): Name = "MP"; Value = "SN74HCT244PWR"; VariantName = "[No Variations]"
Change component parameters (AddParameter): Name = "Package"; Value = "TSSOP-20 Texas Instruments"; VariantName = "[No Variations]"
Change component parameters (AddParameter): Name = "Price"; Value = "None"; VariantName = "[No Variations]"
Change component parameters (AddParameter): Name = "Purchase-URL"; Value = "https://pricing.snapeda.com/search/part/SN74HCT244PWR/?ref=eda"; VariantName = "[No Variations]"
Change component parameters (AddParameter): Name = "SnapEDA_Link"; Value = "https://www.snapeda.com/parts/SN74HCT244PWR/Texas%20Instruments/view-part/387574/?ref=snap"; VariantName = "[No Variations]"
Change component parameters (AddParameter): Name = "Value"; Value = ""; VariantName = "[No Variations]"
Change component parameters: Designator = "U26" ("U26"); Footprint = "VQFN-HR-10"; UniqueID = "\LIUWUIJQ" ("\LIUWUIJQ")
Change component parameters (AddParameter): Name = "Availability"; Value = "Good"; VariantName = "[No Variations]"
Change component parameters (AddParameter): Name = "MF"; Value = "Texas Instruments"; VariantName = "[No Variations]"
Change component parameters (AddParameter): Name = "MP"; Value = "SN74HCT244PWR"; VariantName = "[No Variations]"
Change component parameters (AddParameter): Name = "Package"; Value = "TSSOP-20 Texas Instruments"; VariantName = "[No Variations]"
Change component parameters (AddParameter): Name = "Price"; Value = "None"; VariantName = "[No Variations]"
Change component parameters (AddParameter): Name = "Purchase-URL"; Value = "https://pricing.snapeda.com/search/part/SN74HCT244PWR/?ref=eda"; VariantName = "[No Variations]"
Change component parameters (AddParameter): Name = "SnapEDA_Link"; Value = "https://www.snapeda.com/parts/SN74HCT244PWR/Texas%20Instruments/view-part/387574/?ref=snap"; VariantName = "[No Variations]"
Change component parameters (AddParameter): Name = "Value"; Value = ""; VariantName = "[No Variations]"
Change component parameters: Designator = "D6" ("D6"); Footprint = "LED_0603"; UniqueID = "\FRXSWLFH" ("\FRXSWLFH")
Change component parameters (AddParameter): Name = "Availability"; Value = "In Stock"; VariantName = "[No Variations]"
Change component parameters (AddParameter): Name = "Check_prices"; Value = "https://www.snapeda.com/parts/USBLC6-2SC6/STMicroelectronics/view-part/?ref=eda"; VariantName = "[No Variations]"
Change component parameters (AddParameter): Name = "MF"; Value = "STMicroelectronics"; VariantName = "[No Variations]"
Change component parameters (AddParameter): Name = "MP"; Value = "USBLC6-2SC6"; VariantName = "[No Variations]"
Change component parameters (AddParameter): Name = "Package"; Value = "SOT-23-6 STMicroelectronics"; VariantName = "[No Variations]"
Change component parameters (AddParameter): Name = "Price"; Value = "None"; VariantName = "[No Variations]"
Change component parameters (AddParameter): Name = "Purchase-URL"; Value = "https://pricing.snapeda.com/search/part/USBLC6-2SC6/?ref=eda"; VariantName = "[No Variations]"
Change component parameters (AddParameter): Name = "SnapEDA_Link"; Value = "https://www.snapeda.com/parts/USBLC6-2SC6/STMicroelectronics/view-part/?ref=snap"; VariantName = "[No Variations]"
Change component parameters (AddParameter): Name = "Value"; Value = ""; VariantName = "[No Variations]"
Change component parameters: Designator = "J1" ("J1"); Footprint = "5040500591"; UniqueID = "\RYFURDCQ" ("\RYFURDCQ")
Change component parameters (AddParameter): Name = "Check_prices"; Value = "https://www.snapeda.com/parts/1051620001/Molex/view-part/?ref=eda"; VariantName = "[No Variations]"
Change component parameters (AddParameter): Name = "MF"; Value = "Molex"; VariantName = "[No Variations]"
Change component parameters (AddParameter): Name = "MP"; Value = "1051620001"; VariantName = "[No Variations]"
Change component parameters (AddParameter): Name = "Package"; Value = "None"; VariantName = "[No Variations]"
Change component parameters (AddParameter): Name = "SnapEDA_Link"; Value = "https://www.snapeda.com/parts/1051620001/Molex/view-part/?ref=snap"; VariantName = "[No Variations]"
Change component parameters (AddParameter): Name = "Value"; Value = ""; VariantName = "[No Variations]"
Change component parameters: Designator = "U28" ("U28"); Footprint = "VREG_LM1117MP-3.3/NOPB"; UniqueID = "\TBWBQMPP" ("\TBWBQMPP")
Change component parameters (AddParameter): Name = "Copyright"; Value = "Copyright (C) 2025 Ultra Librarian. All rights reserved."; VariantName = "[No Variations]"
Change component parameters (AddParameter): Name = "Manufacturer_Name"; Value = "Analog Devices Inc"; VariantName = "[No Variations]"
Change component parameters (AddParameter): Name = "Manufacturer_Part_Number"; Value = "MAX485CSA+T"; VariantName = "[No Variations]"
Change component parameters (AddParameter): Name = "RefDes"; Value = "RefDes"; VariantName = "[No Variations]"
Change component parameters (AddParameter): Name = "Type"; Value = "Type"; VariantName = "[No Variations]"
Change component parameters: Designator = "U10" ("U10"); Footprint = "SOIC_PRQ1_TEX"; UniqueID = "\JROOPSNY" ("\JROOPSNY")
Change component parameters (AddParameter): Name = "Check_prices"; Value = "https://www.snapeda.com/parts/MAX3232CSE+T/Analog+Devices/view-part/?ref=eda"; VariantName = "[No Variations]"
Change component parameters (AddParameter): Name = "MF"; Value = "Analog Devices"; VariantName = "[No Variations]"
Change component parameters (AddParameter): Name = "MP"; Value = "MAX3232CSE+T"; VariantName = "[No Variations]"
Change component parameters (AddParameter): Name = "Package"; Value = "SOIC-16 Maxim Integrated"; VariantName = "[No Variations]"
Change component parameters (AddParameter): Name = "SnapEDA_Link"; Value = "https://www.snapeda.com/parts/MAX3232CSE+T/Analog+Devices/view-part/?ref=snap"; VariantName = "[No Variations]"
Change component parameters (AddParameter): Name = "Value"; Value = ""; VariantName = "[No Variations]"
Change component parameters: Designator = "D8" ("D8"); Footprint = "SOD123_MCC"; UniqueID = "\VJYWPNXM" ("\VJYWPNXM")
Change component parameters (AddParameter): Name = "Availability"; Value = "In Stock"; VariantName = "[No Variations]"
Change component parameters (AddParameter): Name = "Check_prices"; Value = "https://www.snapeda.com/parts/USBLC6-2SC6/STMicroelectronics/view-part/?ref=eda"; VariantName = "[No Variations]"
Change component parameters (AddParameter): Name = "MF"; Value = "STMicroelectronics"; VariantName = "[No Variations]"
Change component parameters (AddParameter): Name = "MP"; Value = "USBLC6-2SC6"; VariantName = "[No Variations]"
Change component parameters (AddParameter): Name = "Package"; Value = "SOT-23-6 STMicroelectronics"; VariantName = "[No Variations]"
Change component parameters (AddParameter): Name = "Price"; Value = "None"; VariantName = "[No Variations]"
Change component parameters (AddParameter): Name = "Purchase-URL"; Value = "https://pricing.snapeda.com/search/part/USBLC6-2SC6/?ref=eda"; VariantName = "[No Variations]"
Change component parameters (AddParameter): Name = "SnapEDA_Link"; Value = "https://www.snapeda.com/parts/USBLC6-2SC6/STMicroelectronics/view-part/?ref=snap"; VariantName = "[No Variations]"
Change component parameters (AddParameter): Name = "Value"; Value = ""; VariantName = "[No Variations]"
Change component parameters: Designator = "D7" ("D7"); Footprint = "DO-214AC_SMA"; UniqueID = "\DRJENYBB" ("\DRJENYBB")
Change component parameters (AddParameter): Name = "Availability"; Value = "In Stock"; VariantName = "[No Variations]"
Change component parameters (AddParameter): Name = "Check_prices"; Value = "https://www.snapeda.com/parts/USBLC6-2SC6/STMicroelectronics/view-part/?ref=eda"; VariantName = "[No Variations]"
Change component parameters (AddParameter): Name = "MF"; Value = "STMicroelectronics"; VariantName = "[No Variations]"
Change component parameters (AddParameter): Name = "MP"; Value = "USBLC6-2SC6"; VariantName = "[No Variations]"
Change component parameters (AddParameter): Name = "Package"; Value = "SOT-23-6 STMicroelectronics"; VariantName = "[No Variations]"
Change component parameters (AddParameter): Name = "Price"; Value = "None"; VariantName = "[No Variations]"
Change component parameters (AddParameter): Name = "Purchase-URL"; Value = "https://pricing.snapeda.com/search/part/USBLC6-2SC6/?ref=eda"; VariantName = "[No Variations]"
Change component parameters (AddParameter): Name = "SnapEDA_Link"; Value = "https://www.snapeda.com/parts/USBLC6-2SC6/STMicroelectronics/view-part/?ref=snap"; VariantName = "[No Variations]"
Change component parameters (AddParameter): Name = "Value"; Value = ""; VariantName = "[No Variations]"
Change component parameters: Designator = "C213" ("C213"); Footprint = "CAP_C_1005X50_L"; UniqueID = "\HCSBUONX" ("\HCSBUONX")
Change component parameters (AddParameter): Name = "Applications"; Value = "General Purpose"; VariantName = "[No Variations]"
Change component parameters (AddParameter): Name = "Capacitance"; Value = "0.1µF"; VariantName = "[No Variations]"
Change component parameters (AddParameter): Name = "componentlink1description"; Value = "Datasheet"; VariantName = "[No Variations]"
Change component parameters (AddParameter): Name = "componentlink1url"; Value = "http://datasheets.avx.com/X7RDielectric.pdf"; VariantName = "[No Variations]"
Change component parameters (AddParameter): Name = "componentlink2description"; Value = "DigiKey Link"; VariantName = "[No Variations]"
Change component parameters (AddParameter): Name = "componentlink2url"; Value = "http://digikey.com/product-detail/en/avx-corporation/0402ZC104KAT2A/478-7891-1-ND/3881514"; VariantName = "[No Variations]"
Change component parameters (AddParameter): Name = "Device Package"; Value = "0402 (1005 Metric)"; VariantName = "[No Variations]"
Change component parameters (AddParameter): Name = "lastupdated"; Value = "2/8/2022 12:26:59 PM"; VariantName = "[No Variations]"
Change component parameters (AddParameter): Name = "Lifecycle Status"; Value = "Active"; VariantName = "[No Variations]"
Change component parameters (AddParameter): Name = "manufacturer"; Value = "AVX Corporation"; VariantName = "[No Variations]"
Change component parameters (AddParameter): Name = "Minimum Order"; Value = "1"; VariantName = "[No Variations]"
Change component parameters (AddParameter): Name = "Mounting Type"; Value = "Surface Mount, MLCC"; VariantName = "[No Variations]"
Change component parameters (AddParameter): Name = "Operating Temperature"; Value = "-55°C ~ 125°C"; VariantName = "[No Variations]"
Change component parameters (AddParameter): Name = "Package / Case"; Value = "0402 (1005 Metric)"; VariantName = "[No Variations]"
Change component parameters (AddParameter): Name = "packaging"; Value = "TapeAndReel"; VariantName = "[No Variations]"
Change component parameters (AddParameter): Name = "Part Number"; Value = "0402ZC104KAT2A"; VariantName = "[No Variations]"
Change component parameters (AddParameter): Name = "Part Status"; Value = "Active"; VariantName = "[No Variations]"
Change component parameters (AddParameter): Name = "partid"; Value = "1757"; VariantName = "[No Variations]"
Change component parameters (AddParameter): Name = "price"; Value = "0.09"; VariantName = "[No Variations]"
Change component parameters (AddParameter): Name = "series"; Value = "-"; VariantName = "[No Variations]"
Change component parameters (AddParameter): Name = "Size / Dimension"; Value = "0.039" L x 0.020" W (1.00mm x 0.50mm)"; VariantName = "[No Variations]"
Change component parameters (AddParameter): Name = "Supplier 1"; Value = "DigiKey"; VariantName = "[No Variations]"
Change component parameters (AddParameter): Name = "Supplier Part Number 1"; Value = "478-7891-1-ND"; VariantName = "[No Variations]"
Change component parameters (AddParameter): Name = "Temperature Coefficient"; Value = "X7R"; VariantName = "[No Variations]"
Change component parameters (AddParameter): Name = "Thickness (Max)"; Value = "0.022" (0.55mm)"; VariantName = "[No Variations]"
Change component parameters (AddParameter): Name = "Tolerance"; Value = "±10%"; VariantName = "[No Variations]"
Change component parameters (AddParameter): Name = "Value"; Value = "0.1µF"; VariantName = "[No Variations]"
Change component parameters (AddParameter): Name = "Voltage - Rated"; Value = "10V"; VariantName = "[No Variations]"
Change component parameters: Designator = "U11" ("U11"); Footprint = "SOIC_PRQ1_TEX"; UniqueID = "\JFQTQHFT" ("\JFQTQHFT")
Change component parameters (AddParameter): Name = "Available User I/O"; Value = "170"; VariantName = "[No Variations]"
Change component parameters (AddParameter): Name = "CMTs"; Value = "5"; VariantName = "[No Variations]"
Change component parameters (AddParameter): Name = "ComponentLink1Description"; Value = "Manufacturer URL"; VariantName = "[No Variations]"
Change component parameters (AddParameter): Name = "ComponentLink1URL"; Value = "http://www.xilinx.com/"; VariantName = "[No Variations]"
Change component parameters (AddParameter): Name = "ComponentLink2Description"; Value = "Datasheet"; VariantName = "[No Variations]"
Change component parameters (AddParameter): Name = "ComponentLink2URL"; Value = "http://www.xilinx.com/support/documentation/data_sheets/ds180_7Series_Overview.pdf"; VariantName = "[No Variations]"
Change component parameters (AddParameter): Name = "ComponentLink3Description"; Value = "Pinout"; VariantName = "[No Variations]"
Change component parameters (AddParameter): Name = "ComponentLink3URL"; Value = "http://www.xilinx.com/support/documentation/user_guides/ug475_7Series_Pkg_Pinout.pdf"; VariantName = "[No Variations]"
Change component parameters (AddParameter): Name = "ComponentLink4Description"; Value = "Package Specification"; VariantName = "[No Variations]"
Change component parameters (AddParameter): Name = "ComponentLink4URL"; Value = "http://www.xilinx.com/support/documentation/user_guides/ug475_7Series_Pkg_Pinout.pdf"; VariantName = "[No Variations]"
Change component parameters (AddParameter): Name = "DatasheetVersion"; Value = "Rev. 1.15"; VariantName = "[No Variations]"
Change component parameters (AddParameter): Name = "GTP"; Value = "0"; VariantName = "[No Variations]"
Change component parameters (AddParameter): Name = "Logic Cells"; Value = "33280"; VariantName = "[No Variations]"
Change component parameters (AddParameter): Name = "Manufacturer"; Value = "Xilinx"; VariantName = "[No Variations]"
Change component parameters (AddParameter): Name = "Maximum Distributed RAM"; Value = "400 Kb"; VariantName = "[No Variations]"
Change component parameters (AddParameter): Name = "Mounting Technology"; Value = "Surface Mount"; VariantName = "[No Variations]"
Change component parameters (AddParameter): Name = "Operating Temperature Range"; Value = "Commercial"; VariantName = "[No Variations]"
Change component parameters (AddParameter): Name = "PackageDescription"; Value = "256-Ball Wire-Bond Fine-Pitch Thin BGA, Body 17 x 17 mm, Pitch 1 mm"; VariantName = "[No Variations]"
Change component parameters (AddParameter): Name = "PackageReference"; Value = "FTG-256"; VariantName = "[No Variations]"
Change component parameters (AddParameter): Name = "PackageVersion"; Value = "Rev. 1.11"; VariantName = "[No Variations]"
Change component parameters (AddParameter): Name = "PartNumber"; Value = "XC7A35T-1FTG256C"; VariantName = "[No Variations]"
Change component parameters (AddParameter): Name = "Speed Grades"; Value = "1"; VariantName = "[No Variations]"
Change component parameters (AddParameter): Name = "Total Block RAM"; Value = "1800 Kb"; VariantName = "[No Variations]"
Change component parameters: Designator = "L5" ("L5"); Footprint = "SRP7050TA-220M"; UniqueID = "\HGUKVTFN" ("\HGUKVTFN")
Change component parameters (AddParameter): Name = "Category"; Value = "Inductor"; VariantName = "[No Variations]"
Change component parameters (AddParameter): Name = "ComponentLink1Description"; Value = "SVN Datasheet"; VariantName = "[No Variations]"
Change component parameters (AddParameter): Name = "ComponentLink1URL"; Value = "https://chn-vm-apps.microchip.com/mchprepo/parts/Datasheets/m_dfe252012p.pdf"; VariantName = "[No Variations]"
Change component parameters (AddParameter): Name = "ComponentLink2Description"; Value = "Local Datasheet"; VariantName = "[No Variations]"
Change component parameters (AddParameter): Name = "ComponentLink2URL"; Value = "C:\ALTIUM_WORK\00001_MCHP-CDB\Datasheets\m_dfe252012p.pdf"; VariantName = "[No Variations]"
Change component parameters (AddParameter): Name = "ComponentLink3Description"; Value = "Open Symbol"; VariantName = "[No Variations]"
Change component parameters (AddParameter): Name = "ComponentLink3URL"; Value = "C:\ALTIUM_WORK\00001_MCHP-CDB\Library\LibraryRefs\Inductor.SchLib"; VariantName = "[No Variations]"
Change component parameters (AddParameter): Name = "ComponentLink4Description"; Value = "Open Footprint"; VariantName = "[No Variations]"
Change component parameters (AddParameter): Name = "ComponentLink4URL"; Value = "C:\ALTIUM_WORK\00001_MCHP-CDB\Library\Footprints\IND_C_1008.PcbLib"; VariantName = "[No Variations]"
Change component parameters (AddParameter): Name = "ComponentLink5Description"; Value = "Open Footprint 2"; VariantName = "[No Variations]"
Change component parameters (AddParameter): Name = "ComponentLink6Description"; Value = "Open Footprint 3"; VariantName = "[No Variations]"
Change component parameters (AddParameter): Name = "ComponentLink7Description"; Value = "Open Footprint 4"; VariantName = "[No Variations]"
Change component parameters (AddParameter): Name = "DCR"; Value = "0.06R"; VariantName = "[No Variations]"
Change component parameters (AddParameter): Name = "Description_"; Value = "INDUCTOR 1.5uH 3.5A 20% SMD 1008"; VariantName = "[No Variations]"
Change component parameters (AddParameter): Name = "Dev Tools Status"; Value = "Design"; VariantName = "[No Variations]"
Change component parameters (AddParameter): Name = "Manufacturer 1"; Value = "Murata Electronics North America"; VariantName = "[No Variations]"
Change component parameters (AddParameter): Name = "Manufacturer Part Number 1"; Value = "DFE252012P-1R5M=P2"; VariantName = "[No Variations]"
Change component parameters (AddParameter): Name = "MCHP-ID"; Value = "IND1335"; VariantName = "[No Variations]"
Change component parameters (AddParameter): Name = "Owner"; Value = "Razvan Cristescu"; VariantName = "[No Variations]"
Change component parameters (AddParameter): Name = "Package"; Value = "1008"; VariantName = "[No Variations]"
Change component parameters (AddParameter): Name = "Populated"; Value = "YES"; VariantName = "[No Variations]"
Change component parameters (AddParameter): Name = "Quantity Override"; Value = "1"; VariantName = "[No Variations]"
Change component parameters (AddParameter): Name = "Revision"; Value = "A"; VariantName = "[No Variations]"
Change component parameters (AddParameter): Name = "RMS Current"; Value = "3.5A"; VariantName = "[No Variations]"
Change component parameters (AddParameter): Name = "Status"; Value = "MCL Design"; VariantName = "[No Variations]"
Change component parameters (AddParameter): Name = "Supplier 1"; Value = "Digi-Key"; VariantName = "[No Variations]"
Change component parameters (AddParameter): Name = "Supplier Part Number 1"; Value = "490-10648-6-ND"; VariantName = "[No Variations]"
Change component parameters (AddParameter): Name = "Symbol"; Value = "Inductor"; VariantName = "[No Variations]"
Change component parameters (AddParameter): Name = "Test Frequency"; Value = "1MHz"; VariantName = "[No Variations]"
Change component parameters (AddParameter): Name = "Type"; Value = "Inductor"; VariantName = "[No Variations]"
Change component parameters (AddParameter): Name = "Value"; Value = "1.5uH"; VariantName = "[No Variations]"
Change component parameters: Designator = "R245" ("R245"); Footprint = "RES_C_1005x30_L"; UniqueID = "\CVRFOOIW" ("\CVRFOOIW")
Change component parameters (AddParameter): Name = "ComponentLink1Description"; Value = "Datasheet"; VariantName = "[No Variations]"
Change component parameters (AddParameter): Name = "ComponentLink1URL"; Value = "https://www.yageo.com/upload/media/product/productsearch/datasheet/rchip/PYu-RC_Group_51_RoHS_L_10.pdf"; VariantName = "[No Variations]"
Change component parameters (AddParameter): Name = "ComponentLink2Description"; Value = "DigiKey Link"; VariantName = "[No Variations]"
Change component parameters (AddParameter): Name = "ComponentLink2URL"; Value = "https://www.digikey.com/en/products/detail/yageo/RC0402FR-071K8L/726520"; VariantName = "[No Variations]"
Change component parameters (AddParameter): Name = "Composition"; Value = "Thick Film"; VariantName = "[No Variations]"
Change component parameters (AddParameter): Name = "Device Package"; Value = "0402 (1005 Metric)"; VariantName = "[No Variations]"
Change component parameters (AddParameter): Name = "Features"; Value = "Moisture Resistant"; VariantName = "[No Variations]"
Change component parameters (AddParameter): Name = "Height - Seated (Max)"; Value = "0.016" (0.40mm)"; VariantName = "[No Variations]"
Change component parameters (AddParameter): Name = "LastUpdated"; Value = "7/10/2022 9:15:06 AM"; VariantName = "[No Variations]"
Change component parameters (AddParameter): Name = "Lifecycle Status"; Value = "Active"; VariantName = "[No Variations]"
Change component parameters (AddParameter): Name = "Manufacturer"; Value = "Yageo"; VariantName = "[No Variations]"
Change component parameters (AddParameter): Name = "Minimum Order"; Value = "1"; VariantName = "[No Variations]"
Change component parameters (AddParameter): Name = "Number of Terminations"; Value = "2"; VariantName = "[No Variations]"
Change component parameters (AddParameter): Name = "Operating Temperature"; Value = "-55°C ~ 155°C"; VariantName = "[No Variations]"
Change component parameters (AddParameter): Name = "Package / Case"; Value = "0402 (1005 Metric)"; VariantName = "[No Variations]"
Change component parameters (AddParameter): Name = "Packaging"; Value = "CutTape"; VariantName = "[No Variations]"
Change component parameters (AddParameter): Name = "Part Number"; Value = "RC0402FR-071K8L"; VariantName = "[No Variations]"
Change component parameters (AddParameter): Name = "Part Status"; Value = "Active"; VariantName = "[No Variations]"
Change component parameters (AddParameter): Name = "PartId"; Value = "2542"; VariantName = "[No Variations]"
Change component parameters (AddParameter): Name = "Power (Watts)"; Value = "0.063W, 1/16W"; VariantName = "[No Variations]"
Change component parameters (AddParameter): Name = "Price"; Value = "0.01"; VariantName = "[No Variations]"
Change component parameters (AddParameter): Name = "Resistance"; Value = "1.8 kOhms"; VariantName = "[No Variations]"
Change component parameters (AddParameter): Name = "Series"; Value = "RC_L"; VariantName = "[No Variations]"
Change component parameters (AddParameter): Name = "Size / Dimension"; Value = "0.039" L x 0.020" W (1.00mm x 0.50mm)"; VariantName = "[No Variations]"
Change component parameters (AddParameter): Name = "Supplier 1"; Value = "DigiKey"; VariantName = "[No Variations]"
Change component parameters (AddParameter): Name = "Supplier Device Package"; Value = "0402"; VariantName = "[No Variations]"
Change component parameters (AddParameter): Name = "Supplier Part Number 1"; Value = "311-1.80KLRCT-ND"; VariantName = "[No Variations]"
Change component parameters (AddParameter): Name = "Temperature Coefficient"; Value = "±100ppm/°C"; VariantName = "[No Variations]"
Change component parameters (AddParameter): Name = "Tolerance"; Value = "±1%"; VariantName = "[No Variations]"
Change component parameters (AddParameter): Name = "Value"; Value = "1.8 kOhms"; VariantName = "[No Variations]"
Change component parameters: Designator = "R244" ("R244"); Footprint = "RES_C_1005x30_L"; UniqueID = "\MDGSIFXR" ("\MDGSIFXR")
Change component parameters (AddParameter): Name = "ComponentLink1Description"; Value = "Datasheet"; VariantName = "[No Variations]"
Change component parameters (AddParameter): Name = "ComponentLink1URL"; Value = "https://www.seielect.com/catalog/sei-packaging.pdf"; VariantName = "[No Variations]"
Change component parameters (AddParameter): Name = "ComponentLink2Description"; Value = "DigiKey Link"; VariantName = "[No Variations]"
Change component parameters (AddParameter): Name = "ComponentLink2URL"; Value = "https://www.digikey.com/en/products/detail/stackpole-electronics-inc/RMCF0402FT4K70/1761370"; VariantName = "[No Variations]"
Change component parameters (AddParameter): Name = "Composition"; Value = "Thick Film"; VariantName = "[No Variations]"
Change component parameters (AddParameter): Name = "Device Package"; Value = "0402 (1005 Metric)"; VariantName = "[No Variations]"
Change component parameters (AddParameter): Name = "Features"; Value = "Automotive AEC-Q200"; VariantName = "[No Variations]"
Change component parameters (AddParameter): Name = "Height - Seated (Max)"; Value = "0.016" (0.40mm)"; VariantName = "[No Variations]"
Change component parameters (AddParameter): Name = "LastUpdated"; Value = "7/10/2022 9:14:59 AM"; VariantName = "[No Variations]"
Change component parameters (AddParameter): Name = "Lifecycle Status"; Value = "Active"; VariantName = "[No Variations]"
Change component parameters (AddParameter): Name = "Manufacturer"; Value = "Stackpole Electronics Inc"; VariantName = "[No Variations]"
Change component parameters (AddParameter): Name = "Minimum Order"; Value = "1"; VariantName = "[No Variations]"
Change component parameters (AddParameter): Name = "Number of Terminations"; Value = "2"; VariantName = "[No Variations]"
Change component parameters (AddParameter): Name = "Operating Temperature"; Value = "-55°C ~ 155°C"; VariantName = "[No Variations]"
Change component parameters (AddParameter): Name = "Package / Case"; Value = "0402 (1005 Metric)"; VariantName = "[No Variations]"
Change component parameters (AddParameter): Name = "Packaging"; Value = "CutTape"; VariantName = "[No Variations]"
Change component parameters (AddParameter): Name = "Part Number"; Value = "RMCF0402FT4K70"; VariantName = "[No Variations]"
Change component parameters (AddParameter): Name = "Part Status"; Value = "Active"; VariantName = "[No Variations]"
Change component parameters (AddParameter): Name = "PartId"; Value = "4917"; VariantName = "[No Variations]"
Change component parameters (AddParameter): Name = "Power (Watts)"; Value = "0.063W, 1/16W"; VariantName = "[No Variations]"
Change component parameters (AddParameter): Name = "Price"; Value = "0.01"; VariantName = "[No Variations]"
Change component parameters (AddParameter): Name = "Ratings"; Value = "AEC-Q200"; VariantName = "[No Variations]"
Change component parameters (AddParameter): Name = "Resistance"; Value = "4.7 kOhms"; VariantName = "[No Variations]"
Change component parameters (AddParameter): Name = "Series"; Value = "RMCF"; VariantName = "[No Variations]"
Change component parameters (AddParameter): Name = "Size / Dimension"; Value = "0.039" L x 0.020" W (1.00mm x 0.50mm)"; VariantName = "[No Variations]"
Change component parameters (AddParameter): Name = "Supplier 1"; Value = "DigiKey"; VariantName = "[No Variations]"
Change component parameters (AddParameter): Name = "Supplier Device Package"; Value = "0402"; VariantName = "[No Variations]"
Change component parameters (AddParameter): Name = "Supplier Part Number 1"; Value = "RMCF0402FT4K70CT-ND"; VariantName = "[No Variations]"
Change component parameters (AddParameter): Name = "Temperature Coefficient"; Value = "±100ppm/°C"; VariantName = "[No Variations]"
Change component parameters (AddParameter): Name = "Tolerance"; Value = "±1%"; VariantName = "[No Variations]"
Change component parameters (AddParameter): Name = "Value"; Value = "4.7 kOhms"; VariantName = "[No Variations]"
Change component parameters: Designator = "R246" ("R246"); Footprint = "RES_C_1005x30_L"; UniqueID = "\YSPYSSKK" ("\YSPYSSKK")
Change component parameters (AddParameter): Name = "ComponentLink1Description"; Value = "Datasheet"; VariantName = "[No Variations]"
Change component parameters (AddParameter): Name = "ComponentLink1URL"; Value = "https://www.seielect.com/catalog/sei-packaging.pdf"; VariantName = "[No Variations]"
Change component parameters (AddParameter): Name = "ComponentLink2Description"; Value = "DigiKey Link"; VariantName = "[No Variations]"
Change component parameters (AddParameter): Name = "ComponentLink2URL"; Value = "https://www.digikey.com/en/products/detail/stackpole-electronics-inc/RMCF0402FT4K70/1761370"; VariantName = "[No Variations]"
Change component parameters (AddParameter): Name = "Composition"; Value = "Thick Film"; VariantName = "[No Variations]"
Change component parameters (AddParameter): Name = "Device Package"; Value = "0402 (1005 Metric)"; VariantName = "[No Variations]"
Change component parameters (AddParameter): Name = "Features"; Value = "Automotive AEC-Q200"; VariantName = "[No Variations]"
Change component parameters (AddParameter): Name = "Height - Seated (Max)"; Value = "0.016" (0.40mm)"; VariantName = "[No Variations]"
Change component parameters (AddParameter): Name = "LastUpdated"; Value = "7/10/2022 9:14:59 AM"; VariantName = "[No Variations]"
Change component parameters (AddParameter): Name = "Lifecycle Status"; Value = "Active"; VariantName = "[No Variations]"
Change component parameters (AddParameter): Name = "Manufacturer"; Value = "Stackpole Electronics Inc"; VariantName = "[No Variations]"
Change component parameters (AddParameter): Name = "Minimum Order"; Value = "1"; VariantName = "[No Variations]"
Change component parameters (AddParameter): Name = "Number of Terminations"; Value = "2"; VariantName = "[No Variations]"
Change component parameters (AddParameter): Name = "Operating Temperature"; Value = "-55°C ~ 155°C"; VariantName = "[No Variations]"
Change component parameters (AddParameter): Name = "Package / Case"; Value = "0402 (1005 Metric)"; VariantName = "[No Variations]"
Change component parameters (AddParameter): Name = "Packaging"; Value = "CutTape"; VariantName = "[No Variations]"
Change component parameters (AddParameter): Name = "Part Number"; Value = "RMCF0402FT4K70"; VariantName = "[No Variations]"
Change component parameters (AddParameter): Name = "Part Status"; Value = "Active"; VariantName = "[No Variations]"
Change component parameters (AddParameter): Name = "PartId"; Value = "4917"; VariantName = "[No Variations]"
Change component parameters (AddParameter): Name = "Power (Watts)"; Value = "0.063W, 1/16W"; VariantName = "[No Variations]"
Change component parameters (AddParameter): Name = "Price"; Value = "0.01"; VariantName = "[No Variations]"
Change component parameters (AddParameter): Name = "Ratings"; Value = "AEC-Q200"; VariantName = "[No Variations]"
Change component parameters (AddParameter): Name = "Resistance"; Value = "4.7 kOhms"; VariantName = "[No Variations]"
Change component parameters (AddParameter): Name = "Series"; Value = "RMCF"; VariantName = "[No Variations]"
Change component parameters (AddParameter): Name = "Size / Dimension"; Value = "0.039" L x 0.020" W (1.00mm x 0.50mm)"; VariantName = "[No Variations]"
Change component parameters (AddParameter): Name = "Supplier 1"; Value = "DigiKey"; VariantName = "[No Variations]"
Change component parameters (AddParameter): Name = "Supplier Device Package"; Value = "0402"; VariantName = "[No Variations]"
Change component parameters (AddParameter): Name = "Supplier Part Number 1"; Value = "RMCF0402FT4K70CT-ND"; VariantName = "[No Variations]"
Change component parameters (AddParameter): Name = "Temperature Coefficient"; Value = "±100ppm/°C"; VariantName = "[No Variations]"
Change component parameters (AddParameter): Name = "Tolerance"; Value = "±1%"; VariantName = "[No Variations]"
Change component parameters (AddParameter): Name = "Value"; Value = "4.7 kOhms"; VariantName = "[No Variations]"
Change component parameters: Designator = "R247" ("R247"); Footprint = "RES_C_1005x30_L"; UniqueID = "\IOLZUKQE" ("\IOLZUKQE")
Change component parameters (AddParameter): Name = "ComponentLink1Description"; Value = "Datasheet"; VariantName = "[No Variations]"
Change component parameters (AddParameter): Name = "ComponentLink1URL"; Value = "https://www.seielect.com/catalog/sei-packaging.pdf"; VariantName = "[No Variations]"
Change component parameters (AddParameter): Name = "ComponentLink2Description"; Value = "DigiKey Link"; VariantName = "[No Variations]"
Change component parameters (AddParameter): Name = "ComponentLink2URL"; Value = "https://www.digikey.com/en/products/detail/stackpole-electronics-inc/RMCF0402FT4K70/1761370"; VariantName = "[No Variations]"
Change component parameters (AddParameter): Name = "Composition"; Value = "Thick Film"; VariantName = "[No Variations]"
Change component parameters (AddParameter): Name = "Device Package"; Value = "0402 (1005 Metric)"; VariantName = "[No Variations]"
Change component parameters (AddParameter): Name = "Features"; Value = "Automotive AEC-Q200"; VariantName = "[No Variations]"
Change component parameters (AddParameter): Name = "Height - Seated (Max)"; Value = "0.016" (0.40mm)"; VariantName = "[No Variations]"
Change component parameters (AddParameter): Name = "LastUpdated"; Value = "7/10/2022 9:14:59 AM"; VariantName = "[No Variations]"
Change component parameters (AddParameter): Name = "Lifecycle Status"; Value = "Active"; VariantName = "[No Variations]"
Change component parameters (AddParameter): Name = "Manufacturer"; Value = "Stackpole Electronics Inc"; VariantName = "[No Variations]"
Change component parameters (AddParameter): Name = "Minimum Order"; Value = "1"; VariantName = "[No Variations]"
Change component parameters (AddParameter): Name = "Number of Terminations"; Value = "2"; VariantName = "[No Variations]"
Change component parameters (AddParameter): Name = "Operating Temperature"; Value = "-55°C ~ 155°C"; VariantName = "[No Variations]"
Change component parameters (AddParameter): Name = "Package / Case"; Value = "0402 (1005 Metric)"; VariantName = "[No Variations]"
Change component parameters (AddParameter): Name = "Packaging"; Value = "CutTape"; VariantName = "[No Variations]"
Change component parameters (AddParameter): Name = "Part Number"; Value = "RMCF0402FT4K70"; VariantName = "[No Variations]"
Change component parameters (AddParameter): Name = "Part Status"; Value = "Active"; VariantName = "[No Variations]"
Change component parameters (AddParameter): Name = "PartId"; Value = "4917"; VariantName = "[No Variations]"
Change component parameters (AddParameter): Name = "Power (Watts)"; Value = "0.063W, 1/16W"; VariantName = "[No Variations]"
Change component parameters (AddParameter): Name = "Price"; Value = "0.01"; VariantName = "[No Variations]"
Change component parameters (AddParameter): Name = "Ratings"; Value = "AEC-Q200"; VariantName = "[No Variations]"
Change component parameters (AddParameter): Name = "Resistance"; Value = "4.7 kOhms"; VariantName = "[No Variations]"
Change component parameters (AddParameter): Name = "Series"; Value = "RMCF"; VariantName = "[No Variations]"
Change component parameters (AddParameter): Name = "Size / Dimension"; Value = "0.039" L x 0.020" W (1.00mm x 0.50mm)"; VariantName = "[No Variations]"
Change component parameters (AddParameter): Name = "Supplier 1"; Value = "DigiKey"; VariantName = "[No Variations]"
Change component parameters (AddParameter): Name = "Supplier Device Package"; Value = "0402"; VariantName = "[No Variations]"
Change component parameters (AddParameter): Name = "Supplier Part Number 1"; Value = "RMCF0402FT4K70CT-ND"; VariantName = "[No Variations]"
Change component parameters (AddParameter): Name = "Temperature Coefficient"; Value = "±100ppm/°C"; VariantName = "[No Variations]"
Change component parameters (AddParameter): Name = "Tolerance"; Value = "±1%"; VariantName = "[No Variations]"
Change component parameters (AddParameter): Name = "Value"; Value = "4.7 kOhms"; VariantName = "[No Variations]"
Change component parameters: Designator = "U27" ("U27"); Footprint = "CONV_TPS5430DDAR"; UniqueID = "\NSWSRDPB" ("\NSWSRDPB")
Change component parameters (AddParameter): Name = "Category"; Value = "MCHP-Microcontroller"; VariantName = "[No Variations]"
Change component parameters (AddParameter): Name = "ComponentLink1Description"; Value = "SVN Datasheet"; VariantName = "[No Variations]"
Change component parameters (AddParameter): Name = "ComponentLink2Description"; Value = "Local Datasheet"; VariantName = "[No Variations]"
Change component parameters (AddParameter): Name = "ComponentLink3Description"; Value = "Open Symbol"; VariantName = "[No Variations]"
Change component parameters (AddParameter): Name = "ComponentLink3URL"; Value = "C:\ALTIUM_WORK\00001_MCHP-CDB\Library\LibraryRefs\SAMA7G54 TFBGA-343.SchLib"; VariantName = "[No Variations]"
Change component parameters (AddParameter): Name = "ComponentLink4Description"; Value = "Open Footprint"; VariantName = "[No Variations]"
Change component parameters (AddParameter): Name = "ComponentLink4URL"; Value = "C:\ALTIUM_WORK\00001_MCHP-CDB\Library\Footprints\TFBGA-343_14x14.PcbLib"; VariantName = "[No Variations]"
Change component parameters (AddParameter): Name = "ComponentLink5Description"; Value = "Open Footprint 2"; VariantName = "[No Variations]"
Change component parameters (AddParameter): Name = "ComponentLink6Description"; Value = "Open Footprint 3"; VariantName = "[No Variations]"
Change component parameters (AddParameter): Name = "ComponentLink7Description"; Value = "Open Footprint 4"; VariantName = "[No Variations]"
Change component parameters (AddParameter): Name = "Description_"; Value = "MCHP MPU 32-BIT Cortex-A7 1000MHz 128kB SAMA7G54-V/4HB TFBGA-343"; VariantName = "[No Variations]"
Change component parameters (AddParameter): Name = "Dev Tools Status"; Value = "Design"; VariantName = "[No Variations]"
Change component parameters (AddParameter): Name = "Manufacturer 1"; Value = "Microchip"; VariantName = "[No Variations]"
Change component parameters (AddParameter): Name = "Manufacturer Part Number 1"; Value = "SAMA7G54-V/4HB"; VariantName = "[No Variations]"
Change component parameters (AddParameter): Name = "MCHP-ID"; Value = "MIC8923"; VariantName = "[No Variations]"
Change component parameters (AddParameter): Name = "Owner"; Value = "Ciprian Abramov"; VariantName = "[No Variations]"
Change component parameters (AddParameter): Name = "Package"; Value = "TFBGA-343"; VariantName = "[No Variations]"
Change component parameters (AddParameter): Name = "Populated"; Value = "YES"; VariantName = "[No Variations]"
Change component parameters (AddParameter): Name = "Quantity Override"; Value = "1"; VariantName = "[No Variations]"
Change component parameters (AddParameter): Name = "Revision"; Value = "1"; VariantName = "[No Variations]"
Change component parameters (AddParameter): Name = "Status"; Value = "MCL Design"; VariantName = "[No Variations]"
Change component parameters (AddParameter): Name = "Supplier 1"; Value = "Microchip"; VariantName = "[No Variations]"
Change component parameters (AddParameter): Name = "Supplier Part Number 1"; Value = "SAMA7G54-V/4HB"; VariantName = "[No Variations]"
Change component parameters (AddParameter): Name = "Symbol"; Value = "SAMA7G54 TFBGA-343"; VariantName = "[No Variations]"
Change component parameters (AddParameter): Name = "Type"; Value = "32-Bit MPU"; VariantName = "[No Variations]"
Change component parameters (AddParameter): Name = "Value"; Value = "SAMA7G54"; VariantName = "[No Variations]"
Change component parameters: Designator = "FB1" ("FB1"); Footprint = "IND_C_1608X60"; UniqueID = "\FALJLMCF" ("\FALJLMCF")
Change component parameters (AddParameter): Name = "ComponentLink1Description"; Value = "Datasheet"; VariantName = "[No Variations]"
Change component parameters (AddParameter): Name = "ComponentLink1URL"; Value = "https://www.murata.com/en-us/products/productdata/8796738650142/ENFA0003.pdf"; VariantName = "[No Variations]"
Change component parameters (AddParameter): Name = "ComponentLink2Description"; Value = "DigiKey Link"; VariantName = "[No Variations]"
Change component parameters (AddParameter): Name = "ComponentLink2URL"; Value = "https://www.digikey.com/en/products/detail/murata-electronics/BLM18AG601SN1D/584225"; VariantName = "[No Variations]"
Change component parameters (AddParameter): Name = "Current Rating (Max)"; Value = "500mA"; VariantName = "[No Variations]"
Change component parameters (AddParameter): Name = "DC Resistance (DCR) (Max)"; Value = "380mOhm"; VariantName = "[No Variations]"
Change component parameters (AddParameter): Name = "Device Package"; Value = "0603 (1608 Metric)"; VariantName = "[No Variations]"
Change component parameters (AddParameter): Name = "Height (Max)"; Value = "0.037" (0.95mm)"; VariantName = "[No Variations]"
Change component parameters (AddParameter): Name = "Impedance @ Frequency"; Value = "600 Ohms @ 100 MHz"; VariantName = "[No Variations]"
Change component parameters (AddParameter): Name = "LastUpdated"; Value = "7/10/2022 9:43:27 AM"; VariantName = "[No Variations]"
Change component parameters (AddParameter): Name = "Lifecycle Status"; Value = "Active"; VariantName = "[No Variations]"
Change component parameters (AddParameter): Name = "Manufacturer"; Value = "Murata Electronics"; VariantName = "[No Variations]"
Change component parameters (AddParameter): Name = "Minimum Order"; Value = "1"; VariantName = "[No Variations]"
Change component parameters (AddParameter): Name = "Mounting Type"; Value = "Surface Mount"; VariantName = "[No Variations]"
Change component parameters (AddParameter): Name = "Number of Lines"; Value = "1"; VariantName = "[No Variations]"
Change component parameters (AddParameter): Name = "Operating Temperature"; Value = "-55°C ~ 125°C"; VariantName = "[No Variations]"
Change component parameters (AddParameter): Name = "Package / Case"; Value = "0603 (1608 Metric)"; VariantName = "[No Variations]"
Change component parameters (AddParameter): Name = "Packaging"; Value = "TapeAndReel"; VariantName = "[No Variations]"
Change component parameters (AddParameter): Name = "Part Number"; Value = "BLM18AG601SN1D"; VariantName = "[No Variations]"
Change component parameters (AddParameter): Name = "Part Status"; Value = "Active"; VariantName = "[No Variations]"
Change component parameters (AddParameter): Name = "PartId"; Value = "848"; VariantName = "[No Variations]"
Change component parameters (AddParameter): Name = "Price"; Value = "0.02"; VariantName = "[No Variations]"
Change component parameters (AddParameter): Name = "Series"; Value = "EMIFIL®, BLM18"; VariantName = "[No Variations]"
Change component parameters (AddParameter): Name = "Size / Dimension"; Value = "0.063" L x 0.032" W (1.60mm x 0.80mm)"; VariantName = "[No Variations]"
Change component parameters (AddParameter): Name = "Supplier 1"; Value = "DigiKey"; VariantName = "[No Variations]"
Change component parameters (AddParameter): Name = "Supplier Part Number 1"; Value = "490-1014-1-ND"; VariantName = "[No Variations]"
Change component parameters (AddParameter): Name = "Value"; Value = "600 Ohms @ 100 MHz"; VariantName = "[No Variations]"
Change component parameters: Designator = "FB2" ("FB2"); Footprint = "IND_C_1608X60"; UniqueID = "\LFFSROWE" ("\LFFSROWE")
Change component parameters (AddParameter): Name = "ComponentLink1Description"; Value = "Datasheet"; VariantName = "[No Variations]"
Change component parameters (AddParameter): Name = "ComponentLink1URL"; Value = "https://www.murata.com/en-us/products/productdata/8796738650142/ENFA0003.pdf"; VariantName = "[No Variations]"
Change component parameters (AddParameter): Name = "ComponentLink2Description"; Value = "DigiKey Link"; VariantName = "[No Variations]"
Change component parameters (AddParameter): Name = "ComponentLink2URL"; Value = "https://www.digikey.com/en/products/detail/murata-electronics/BLM18AG601SN1D/584225"; VariantName = "[No Variations]"
Change component parameters (AddParameter): Name = "Current Rating (Max)"; Value = "500mA"; VariantName = "[No Variations]"
Change component parameters (AddParameter): Name = "DC Resistance (DCR) (Max)"; Value = "380mOhm"; VariantName = "[No Variations]"
Change component parameters (AddParameter): Name = "Device Package"; Value = "0603 (1608 Metric)"; VariantName = "[No Variations]"
Change component parameters (AddParameter): Name = "Height (Max)"; Value = "0.037" (0.95mm)"; VariantName = "[No Variations]"
Change component parameters (AddParameter): Name = "Impedance @ Frequency"; Value = "600 Ohms @ 100 MHz"; VariantName = "[No Variations]"
Change component parameters (AddParameter): Name = "LastUpdated"; Value = "7/10/2022 9:43:27 AM"; VariantName = "[No Variations]"
Change component parameters (AddParameter): Name = "Lifecycle Status"; Value = "Active"; VariantName = "[No Variations]"
Change component parameters (AddParameter): Name = "Manufacturer"; Value = "Murata Electronics"; VariantName = "[No Variations]"
Change component parameters (AddParameter): Name = "Minimum Order"; Value = "1"; VariantName = "[No Variations]"
Change component parameters (AddParameter): Name = "Mounting Type"; Value = "Surface Mount"; VariantName = "[No Variations]"
Change component parameters (AddParameter): Name = "Number of Lines"; Value = "1"; VariantName = "[No Variations]"
Change component parameters (AddParameter): Name = "Operating Temperature"; Value = "-55°C ~ 125°C"; VariantName = "[No Variations]"
Change component parameters (AddParameter): Name = "Package / Case"; Value = "0603 (1608 Metric)"; VariantName = "[No Variations]"
Change component parameters (AddParameter): Name = "Packaging"; Value = "TapeAndReel"; VariantName = "[No Variations]"
Change component parameters (AddParameter): Name = "Part Number"; Value = "BLM18AG601SN1D"; VariantName = "[No Variations]"
Change component parameters (AddParameter): Name = "Part Status"; Value = "Active"; VariantName = "[No Variations]"
Change component parameters (AddParameter): Name = "PartId"; Value = "848"; VariantName = "[No Variations]"
Change component parameters (AddParameter): Name = "Price"; Value = "0.02"; VariantName = "[No Variations]"
Change component parameters (AddParameter): Name = "Series"; Value = "EMIFIL®, BLM18"; VariantName = "[No Variations]"
Change component parameters (AddParameter): Name = "Size / Dimension"; Value = "0.063" L x 0.032" W (1.60mm x 0.80mm)"; VariantName = "[No Variations]"
Change component parameters (AddParameter): Name = "Supplier 1"; Value = "DigiKey"; VariantName = "[No Variations]"
Change component parameters (AddParameter): Name = "Supplier Part Number 1"; Value = "490-1014-1-ND"; VariantName = "[No Variations]"
Change component parameters (AddParameter): Name = "Value"; Value = "600 Ohms @ 100 MHz"; VariantName = "[No Variations]"
Change component parameters: Designator = "R81" ("R81"); Footprint = "RES_C_1005x30_L"; UniqueID = "\KWFYWJQQ" ("\KWFYWJQQ")
Change component parameters (AddParameter): Name = "BOM Notes"; Value = ""; VariantName = "[No Variations]"
Change component parameters (AddParameter): Name = "Category"; Value = "Resistor"; VariantName = "[No Variations]"
Change component parameters (AddParameter): Name = "ComponentLink1Description"; Value = "SVN Datasheet"; VariantName = "[No Variations]"
Change component parameters (AddParameter): Name = "ComponentLink1URL"; Value = "https://chn-vm-apps.microchip.com/mchprepo/parts/Datasheets/n_catalog_partition09_en.pdf"; VariantName = "[No Variations]"
Change component parameters (AddParameter): Name = "ComponentLink2Description"; Value = "Local Datasheet"; VariantName = "[No Variations]"
Change component parameters (AddParameter): Name = "ComponentLink2URL"; Value = "C:\ALTIUM_WORK\00001_MCHP-CDB\Datasheets\n_catalog_partition09_en.pdf"; VariantName = "[No Variations]"
Change component parameters (AddParameter): Name = "ComponentLink3Description"; Value = "Open Symbol"; VariantName = "[No Variations]"
Change component parameters (AddParameter): Name = "ComponentLink3URL"; Value = "C:\ALTIUM_WORK\00001_MCHP-CDB\Library\LibraryRefs\Shunt 4 Pin.SchLib"; VariantName = "[No Variations]"
Change component parameters (AddParameter): Name = "ComponentLink4Description"; Value = "Open Footprint"; VariantName = "[No Variations]"
Change component parameters (AddParameter): Name = "ComponentLink4URL"; Value = "C:\ALTIUM_WORK\00001_MCHP-CDB\Library\Footprints\RES_C_1206_SHUNT.PcbLib"; VariantName = "[No Variations]"
Change component parameters (AddParameter): Name = "ComponentLink5Description"; Value = "Open Footprint 2"; VariantName = "[No Variations]"
Change component parameters (AddParameter): Name = "ComponentLink6Description"; Value = "Open Footprint 3"; VariantName = "[No Variations]"
Change component parameters (AddParameter): Name = "ComponentLink7Description"; Value = "Open Footprint 4"; VariantName = "[No Variations]"
Change component parameters (AddParameter): Name = "Composition"; Value = "MF"; VariantName = "[No Variations]"
Change component parameters (AddParameter): Name = "Current"; Value = "8A"; VariantName = "[No Variations]"
Change component parameters (AddParameter): Name = "Description_"; Value = "RES SHUNT MF 0.01R 1% 0.75W SMD 1206"; VariantName = "[No Variations]"
Change component parameters (AddParameter): Name = "Dev Tools Status"; Value = "Design"; VariantName = "[No Variations]"
Change component parameters (AddParameter): Name = "Manufacturer 1"; Value = "SUSUMU"; VariantName = "[No Variations]"
Change component parameters (AddParameter): Name = "Manufacturer Part Number 1"; Value = "KRL1632E-M-R010-F-T5"; VariantName = "[No Variations]"
Change component parameters (AddParameter): Name = "MCHP-ID"; Value = "RSMT1316"; VariantName = "[No Variations]"
Change component parameters (AddParameter): Name = "Operating Temperature"; Value = "-55C to +155C"; VariantName = "[No Variations]"
Change component parameters (AddParameter): Name = "Owner"; Value = "Ciprian Abramov"; VariantName = "[No Variations]"
Change component parameters (AddParameter): Name = "Package"; Value = "1206"; VariantName = "[No Variations]"
Change component parameters (AddParameter): Name = "Populated"; Value = "YES"; VariantName = "[No Variations]"
Change component parameters (AddParameter): Name = "Power"; Value = "0.75W"; VariantName = "[No Variations]"
Change component parameters (AddParameter): Name = "Quantity Override"; Value = "1"; VariantName = "[No Variations]"
Change component parameters (AddParameter): Name = "Revision"; Value = "1"; VariantName = "[No Variations]"
Change component parameters (AddParameter): Name = "Status"; Value = "MCL Design"; VariantName = "[No Variations]"
Change component parameters (AddParameter): Name = "Supplier 1"; Value = "Digi-Key"; VariantName = "[No Variations]"
Change component parameters (AddParameter): Name = "Supplier Part Number 1"; Value = "408-1570-1-ND"; VariantName = "[No Variations]"
Change component parameters (AddParameter): Name = "Symbol"; Value = "Shunt 4 Pin"; VariantName = "[No Variations]"
Change component parameters (AddParameter): Name = "Temperature Coeffcient"; Value = "50ppm/C"; VariantName = "[No Variations]"
Change component parameters (AddParameter): Name = "Tolerance"; Value = "1%"; VariantName = "[No Variations]"
Change component parameters (AddParameter): Name = "Type"; Value = "RES SMD"; VariantName = "[No Variations]"
Change component parameters (AddParameter): Name = "Value"; Value = "0.01R"; VariantName = "[No Variations]"
Change component parameters: Designator = "R83" ("R83"); Footprint = "RES_C_1005x30_L"; UniqueID = "\FCZMCABX" ("\FCZMCABX")
Change component parameters (AddParameter): Name = "BOM Notes"; Value = ""; VariantName = "[No Variations]"
Change component parameters (AddParameter): Name = "Category"; Value = "Resistor"; VariantName = "[No Variations]"
Change component parameters (AddParameter): Name = "ComponentLink1Description"; Value = "SVN Datasheet"; VariantName = "[No Variations]"
Change component parameters (AddParameter): Name = "ComponentLink1URL"; Value = "https://chn-vm-apps.microchip.com/mchprepo/parts/Datasheets/n_catalog_partition09_en.pdf"; VariantName = "[No Variations]"
Change component parameters (AddParameter): Name = "ComponentLink2Description"; Value = "Local Datasheet"; VariantName = "[No Variations]"
Change component parameters (AddParameter): Name = "ComponentLink2URL"; Value = "C:\ALTIUM_WORK\00001_MCHP-CDB\Datasheets\n_catalog_partition09_en.pdf"; VariantName = "[No Variations]"
Change component parameters (AddParameter): Name = "ComponentLink3Description"; Value = "Open Symbol"; VariantName = "[No Variations]"
Change component parameters (AddParameter): Name = "ComponentLink3URL"; Value = "C:\ALTIUM_WORK\00001_MCHP-CDB\Library\LibraryRefs\Shunt 4 Pin.SchLib"; VariantName = "[No Variations]"
Change component parameters (AddParameter): Name = "ComponentLink4Description"; Value = "Open Footprint"; VariantName = "[No Variations]"
Change component parameters (AddParameter): Name = "ComponentLink4URL"; Value = "C:\ALTIUM_WORK\00001_MCHP-CDB\Library\Footprints\RES_C_1206_SHUNT.PcbLib"; VariantName = "[No Variations]"
Change component parameters (AddParameter): Name = "ComponentLink5Description"; Value = "Open Footprint 2"; VariantName = "[No Variations]"
Change component parameters (AddParameter): Name = "ComponentLink6Description"; Value = "Open Footprint 3"; VariantName = "[No Variations]"
Change component parameters (AddParameter): Name = "ComponentLink7Description"; Value = "Open Footprint 4"; VariantName = "[No Variations]"
Change component parameters (AddParameter): Name = "Composition"; Value = "MF"; VariantName = "[No Variations]"
Change component parameters (AddParameter): Name = "Current"; Value = "8A"; VariantName = "[No Variations]"
Change component parameters (AddParameter): Name = "Description_"; Value = "RES SHUNT MF 0.01R 1% 0.75W SMD 1206"; VariantName = "[No Variations]"
Change component parameters (AddParameter): Name = "Dev Tools Status"; Value = "Design"; VariantName = "[No Variations]"
Change component parameters (AddParameter): Name = "Manufacturer 1"; Value = "SUSUMU"; VariantName = "[No Variations]"
Change component parameters (AddParameter): Name = "Manufacturer Part Number 1"; Value = "KRL1632E-M-R010-F-T5"; VariantName = "[No Variations]"
Change component parameters (AddParameter): Name = "MCHP-ID"; Value = "RSMT1316"; VariantName = "[No Variations]"
Change component parameters (AddParameter): Name = "Operating Temperature"; Value = "-55C to +155C"; VariantName = "[No Variations]"
Change component parameters (AddParameter): Name = "Owner"; Value = "Ciprian Abramov"; VariantName = "[No Variations]"
Change component parameters (AddParameter): Name = "Package"; Value = "1206"; VariantName = "[No Variations]"
Change component parameters (AddParameter): Name = "Populated"; Value = "YES"; VariantName = "[No Variations]"
Change component parameters (AddParameter): Name = "Power"; Value = "0.75W"; VariantName = "[No Variations]"
Change component parameters (AddParameter): Name = "Quantity Override"; Value = "1"; VariantName = "[No Variations]"
Change component parameters (AddParameter): Name = "Revision"; Value = "1"; VariantName = "[No Variations]"
Change component parameters (AddParameter): Name = "Status"; Value = "MCL Design"; VariantName = "[No Variations]"
Change component parameters (AddParameter): Name = "Supplier 1"; Value = "Digi-Key"; VariantName = "[No Variations]"
Change component parameters (AddParameter): Name = "Supplier Part Number 1"; Value = "408-1570-1-ND"; VariantName = "[No Variations]"
Change component parameters (AddParameter): Name = "Symbol"; Value = "Shunt 4 Pin"; VariantName = "[No Variations]"
Change component parameters (AddParameter): Name = "Temperature Coeffcient"; Value = "50ppm/C"; VariantName = "[No Variations]"
Change component parameters (AddParameter): Name = "Tolerance"; Value = "1%"; VariantName = "[No Variations]"
Change component parameters (AddParameter): Name = "Type"; Value = "RES SMD"; VariantName = "[No Variations]"
Change component parameters (AddParameter): Name = "Value"; Value = "0.01R"; VariantName = "[No Variations]"
Change component parameters: Designator = "R103" ("R103"); Footprint = "RES_C_1005x30_L"; UniqueID = "\OFIRPUIW" ("\OFIRPUIW")
Change component parameters (AddParameter): Name = "BOM Notes"; Value = ""; VariantName = "[No Variations]"
Change component parameters (AddParameter): Name = "Category"; Value = "Resistor"; VariantName = "[No Variations]"
Change component parameters (AddParameter): Name = "ComponentLink1Description"; Value = "SVN Datasheet"; VariantName = "[No Variations]"
Change component parameters (AddParameter): Name = "ComponentLink1URL"; Value = "https://chn-vm-apps.microchip.com/mchprepo/parts/Datasheets/n_catalog_partition09_en.pdf"; VariantName = "[No Variations]"
Change component parameters (AddParameter): Name = "ComponentLink2Description"; Value = "Local Datasheet"; VariantName = "[No Variations]"
Change component parameters (AddParameter): Name = "ComponentLink2URL"; Value = "C:\ALTIUM_WORK\00001_MCHP-CDB\Datasheets\n_catalog_partition09_en.pdf"; VariantName = "[No Variations]"
Change component parameters (AddParameter): Name = "ComponentLink3Description"; Value = "Open Symbol"; VariantName = "[No Variations]"
Change component parameters (AddParameter): Name = "ComponentLink3URL"; Value = "C:\ALTIUM_WORK\00001_MCHP-CDB\Library\LibraryRefs\Shunt 4 Pin.SchLib"; VariantName = "[No Variations]"
Change component parameters (AddParameter): Name = "ComponentLink4Description"; Value = "Open Footprint"; VariantName = "[No Variations]"
Change component parameters (AddParameter): Name = "ComponentLink4URL"; Value = "C:\ALTIUM_WORK\00001_MCHP-CDB\Library\Footprints\RES_C_1206_SHUNT.PcbLib"; VariantName = "[No Variations]"
Change component parameters (AddParameter): Name = "ComponentLink5Description"; Value = "Open Footprint 2"; VariantName = "[No Variations]"
Change component parameters (AddParameter): Name = "ComponentLink6Description"; Value = "Open Footprint 3"; VariantName = "[No Variations]"
Change component parameters (AddParameter): Name = "ComponentLink7Description"; Value = "Open Footprint 4"; VariantName = "[No Variations]"
Change component parameters (AddParameter): Name = "Composition"; Value = "MF"; VariantName = "[No Variations]"
Change component parameters (AddParameter): Name = "Current"; Value = "8A"; VariantName = "[No Variations]"
Change component parameters (AddParameter): Name = "Description_"; Value = "RES SHUNT MF 0.01R 1% 0.75W SMD 1206"; VariantName = "[No Variations]"
Change component parameters (AddParameter): Name = "Dev Tools Status"; Value = "Design"; VariantName = "[No Variations]"
Change component parameters (AddParameter): Name = "Manufacturer 1"; Value = "SUSUMU"; VariantName = "[No Variations]"
Change component parameters (AddParameter): Name = "Manufacturer Part Number 1"; Value = "KRL1632E-M-R010-F-T5"; VariantName = "[No Variations]"
Change component parameters (AddParameter): Name = "MCHP-ID"; Value = "RSMT1316"; VariantName = "[No Variations]"
Change component parameters (AddParameter): Name = "Operating Temperature"; Value = "-55C to +155C"; VariantName = "[No Variations]"
Change component parameters (AddParameter): Name = "Owner"; Value = "Ciprian Abramov"; VariantName = "[No Variations]"
Change component parameters (AddParameter): Name = "Package"; Value = "1206"; VariantName = "[No Variations]"
Change component parameters (AddParameter): Name = "Populated"; Value = "YES"; VariantName = "[No Variations]"
Change component parameters (AddParameter): Name = "Power"; Value = "0.75W"; VariantName = "[No Variations]"
Change component parameters (AddParameter): Name = "Quantity Override"; Value = "1"; VariantName = "[No Variations]"
Change component parameters (AddParameter): Name = "Revision"; Value = "1"; VariantName = "[No Variations]"
Change component parameters (AddParameter): Name = "Status"; Value = "MCL Design"; VariantName = "[No Variations]"
Change component parameters (AddParameter): Name = "Supplier 1"; Value = "Digi-Key"; VariantName = "[No Variations]"
Change component parameters (AddParameter): Name = "Supplier Part Number 1"; Value = "408-1570-1-ND"; VariantName = "[No Variations]"
Change component parameters (AddParameter): Name = "Symbol"; Value = "Shunt 4 Pin"; VariantName = "[No Variations]"
Change component parameters (AddParameter): Name = "Temperature Coeffcient"; Value = "50ppm/C"; VariantName = "[No Variations]"
Change component parameters (AddParameter): Name = "Tolerance"; Value = "1%"; VariantName = "[No Variations]"
Change component parameters (AddParameter): Name = "Type"; Value = "RES SMD"; VariantName = "[No Variations]"
Change component parameters (AddParameter): Name = "Value"; Value = "0.01R"; VariantName = "[No Variations]"
Change component parameters: Designator = "R105" ("R105"); Footprint = "RES_C_1005x30_L"; UniqueID = "\UJUJKOXB" ("\UJUJKOXB")
Change component parameters (AddParameter): Name = "BOM Notes"; Value = ""; VariantName = "[No Variations]"
Change component parameters (AddParameter): Name = "Category"; Value = "Resistor"; VariantName = "[No Variations]"
Change component parameters (AddParameter): Name = "ComponentLink1Description"; Value = "SVN Datasheet"; VariantName = "[No Variations]"
Change component parameters (AddParameter): Name = "ComponentLink1URL"; Value = "https://chn-vm-apps.microchip.com/mchprepo/parts/Datasheets/n_catalog_partition09_en.pdf"; VariantName = "[No Variations]"
Change component parameters (AddParameter): Name = "ComponentLink2Description"; Value = "Local Datasheet"; VariantName = "[No Variations]"
Change component parameters (AddParameter): Name = "ComponentLink2URL"; Value = "C:\ALTIUM_WORK\00001_MCHP-CDB\Datasheets\n_catalog_partition09_en.pdf"; VariantName = "[No Variations]"
Change component parameters (AddParameter): Name = "ComponentLink3Description"; Value = "Open Symbol"; VariantName = "[No Variations]"
Change component parameters (AddParameter): Name = "ComponentLink3URL"; Value = "C:\ALTIUM_WORK\00001_MCHP-CDB\Library\LibraryRefs\Shunt 4 Pin.SchLib"; VariantName = "[No Variations]"
Change component parameters (AddParameter): Name = "ComponentLink4Description"; Value = "Open Footprint"; VariantName = "[No Variations]"
Change component parameters (AddParameter): Name = "ComponentLink4URL"; Value = "C:\ALTIUM_WORK\00001_MCHP-CDB\Library\Footprints\RES_C_1206_SHUNT.PcbLib"; VariantName = "[No Variations]"
Change component parameters (AddParameter): Name = "ComponentLink5Description"; Value = "Open Footprint 2"; VariantName = "[No Variations]"
Change component parameters (AddParameter): Name = "ComponentLink6Description"; Value = "Open Footprint 3"; VariantName = "[No Variations]"
Change component parameters (AddParameter): Name = "ComponentLink7Description"; Value = "Open Footprint 4"; VariantName = "[No Variations]"
Change component parameters (AddParameter): Name = "Composition"; Value = "MF"; VariantName = "[No Variations]"
Change component parameters (AddParameter): Name = "Current"; Value = "8A"; VariantName = "[No Variations]"
Change component parameters (AddParameter): Name = "Description_"; Value = "RES SHUNT MF 0.01R 1% 0.75W SMD 1206"; VariantName = "[No Variations]"
Change component parameters (AddParameter): Name = "Dev Tools Status"; Value = "Design"; VariantName = "[No Variations]"
Change component parameters (AddParameter): Name = "Manufacturer 1"; Value = "SUSUMU"; VariantName = "[No Variations]"
Change component parameters (AddParameter): Name = "Manufacturer Part Number 1"; Value = "KRL1632E-M-R010-F-T5"; VariantName = "[No Variations]"
Change component parameters (AddParameter): Name = "MCHP-ID"; Value = "RSMT1316"; VariantName = "[No Variations]"
Change component parameters (AddParameter): Name = "Operating Temperature"; Value = "-55C to +155C"; VariantName = "[No Variations]"
Change component parameters (AddParameter): Name = "Owner"; Value = "Ciprian Abramov"; VariantName = "[No Variations]"
Change component parameters (AddParameter): Name = "Package"; Value = "1206"; VariantName = "[No Variations]"
Change component parameters (AddParameter): Name = "Populated"; Value = "YES"; VariantName = "[No Variations]"
Change component parameters (AddParameter): Name = "Power"; Value = "0.75W"; VariantName = "[No Variations]"
Change component parameters (AddParameter): Name = "Quantity Override"; Value = "1"; VariantName = "[No Variations]"
Change component parameters (AddParameter): Name = "Revision"; Value = "1"; VariantName = "[No Variations]"
Change component parameters (AddParameter): Name = "Status"; Value = "MCL Design"; VariantName = "[No Variations]"
Change component parameters (AddParameter): Name = "Supplier 1"; Value = "Digi-Key"; VariantName = "[No Variations]"
Change component parameters (AddParameter): Name = "Supplier Part Number 1"; Value = "408-1570-1-ND"; VariantName = "[No Variations]"
Change component parameters (AddParameter): Name = "Symbol"; Value = "Shunt 4 Pin"; VariantName = "[No Variations]"
Change component parameters (AddParameter): Name = "Temperature Coeffcient"; Value = "50ppm/C"; VariantName = "[No Variations]"
Change component parameters (AddParameter): Name = "Tolerance"; Value = "1%"; VariantName = "[No Variations]"
Change component parameters (AddParameter): Name = "Type"; Value = "RES SMD"; VariantName = "[No Variations]"
Change component parameters (AddParameter): Name = "Value"; Value = "0.01R"; VariantName = "[No Variations]"
Added Component: Designator=DNP/U1(SOIC127P790X216-8)
Added Component: Designator=DS1(LED_0603)
Added Component: Designator=DS2(LED_0603)
Added Component: Designator=DS3(LED_0603)
Added Component: Designator=IC1(QFN20_UDC_3X4_ADI)
Add component (AddParameter): Name = "Copyright"; Value = "Copyright (C) 2025 Ultra Librarian. All rights reserved."; VariantName = "[No Variations]"
Add component (AddParameter): Name = "Manufacturer_Name"; Value = "Analog Devices Inc"; VariantName = "[No Variations]"
Add component (AddParameter): Name = "Manufacturer_Part_Number"; Value = "LTC3569EUDC#TRPBF"; VariantName = "[No Variations]"
Add component (AddParameter): Name = "RefDes"; Value = "RefDes"; VariantName = "[No Variations]"
Add component (AddParameter): Name = "Type"; Value = "Type"; VariantName = "[No Variations]"
Added Component: Designator=J2(SAMTEC_TSM-108-01-L-SV-P-TR)
Added Component: Designator=JP5(JUMPER_1608)
Added Component: Designator=L6(IND_C_1008)
Add component (AddParameter): Name = "Category"; Value = "Inductor"; VariantName = "[No Variations]"
Add component (AddParameter): Name = "ComponentLink1Description"; Value = "SVN Datasheet"; VariantName = "[No Variations]"
Add component (AddParameter): Name = "ComponentLink1URL"; Value = "https://chn-vm-apps.microchip.com/mchprepo/parts/Datasheets/m_dfe252012p.pdf"; VariantName = "[No Variations]"
Add component (AddParameter): Name = "ComponentLink2Description"; Value = "Local Datasheet"; VariantName = "[No Variations]"
Add component (AddParameter): Name = "ComponentLink2URL"; Value = "C:\ALTIUM_WORK\00001_MCHP-CDB\Datasheets\m_dfe252012p.pdf"; VariantName = "[No Variations]"
Add component (AddParameter): Name = "ComponentLink3Description"; Value = "Open Symbol"; VariantName = "[No Variations]"
Add component (AddParameter): Name = "ComponentLink3URL"; Value = "C:\ALTIUM_WORK\00001_MCHP-CDB\Library\LibraryRefs\Inductor.SchLib"; VariantName = "[No Variations]"
Add component (AddParameter): Name = "ComponentLink4Description"; Value = "Open Footprint"; VariantName = "[No Variations]"
Add component (AddParameter): Name = "ComponentLink4URL"; Value = "C:\ALTIUM_WORK\00001_MCHP-CDB\Library\Footprints\IND_C_1008.PcbLib"; VariantName = "[No Variations]"
Add component (AddParameter): Name = "ComponentLink5Description"; Value = "Open Footprint 2"; VariantName = "[No Variations]"
Add component (AddParameter): Name = "ComponentLink6Description"; Value = "Open Footprint 3"; VariantName = "[No Variations]"
Add component (AddParameter): Name = "ComponentLink7Description"; Value = "Open Footprint 4"; VariantName = "[No Variations]"
Add component (AddParameter): Name = "DCR"; Value = "0.06R"; VariantName = "[No Variations]"
Add component (AddParameter): Name = "Description_"; Value = "INDUCTOR 1.5uH 3.5A 20% SMD 1008"; VariantName = "[No Variations]"
Add component (AddParameter): Name = "Dev Tools Status"; Value = "Design"; VariantName = "[No Variations]"
Add component (AddParameter): Name = "Manufacturer 1"; Value = "Murata Electronics North America"; VariantName = "[No Variations]"
Add component (AddParameter): Name = "Manufacturer Part Number 1"; Value = "DFE252012P-1R5M=P2"; VariantName = "[No Variations]"
Add component (AddParameter): Name = "MCHP-ID"; Value = "IND1335"; VariantName = "[No Variations]"
Add component (AddParameter): Name = "Owner"; Value = "Razvan Cristescu"; VariantName = "[No Variations]"
Add component (AddParameter): Name = "Package"; Value = "1008"; VariantName = "[No Variations]"
Add component (AddParameter): Name = "Populated"; Value = "YES"; VariantName = "[No Variations]"
Add component (AddParameter): Name = "Quantity Override"; Value = "1"; VariantName = "[No Variations]"
Add component (AddParameter): Name = "Revision"; Value = "A"; VariantName = "[No Variations]"
Add component (AddParameter): Name = "RMS Current"; Value = "3.5A"; VariantName = "[No Variations]"
Add component (AddParameter): Name = "Status"; Value = "MCL Design"; VariantName = "[No Variations]"
Add component (AddParameter): Name = "Supplier 1"; Value = "Digi-Key"; VariantName = "[No Variations]"
Add component (AddParameter): Name = "Supplier Part Number 1"; Value = "490-10648-6-ND"; VariantName = "[No Variations]"
Add component (AddParameter): Name = "Symbol"; Value = "Inductor"; VariantName = "[No Variations]"
Add component (AddParameter): Name = "Test Frequency"; Value = "1MHz"; VariantName = "[No Variations]"
Add component (AddParameter): Name = "Type"; Value = "Inductor"; VariantName = "[No Variations]"
Add component (AddParameter): Name = "Value"; Value = "1.5uH"; VariantName = "[No Variations]"
Added Component: Designator=L7(IND_C_1008)
Add component (AddParameter): Name = "Category"; Value = "Inductor"; VariantName = "[No Variations]"
Add component (AddParameter): Name = "ComponentLink1Description"; Value = "SVN Datasheet"; VariantName = "[No Variations]"
Add component (AddParameter): Name = "ComponentLink1URL"; Value = "https://chn-vm-apps.microchip.com/mchprepo/parts/Datasheets/m_dfe252012p.pdf"; VariantName = "[No Variations]"
Add component (AddParameter): Name = "ComponentLink2Description"; Value = "Local Datasheet"; VariantName = "[No Variations]"
Add component (AddParameter): Name = "ComponentLink2URL"; Value = "C:\ALTIUM_WORK\00001_MCHP-CDB\Datasheets\m_dfe252012p.pdf"; VariantName = "[No Variations]"
Add component (AddParameter): Name = "ComponentLink3Description"; Value = "Open Symbol"; VariantName = "[No Variations]"
Add component (AddParameter): Name = "ComponentLink3URL"; Value = "C:\ALTIUM_WORK\00001_MCHP-CDB\Library\LibraryRefs\Inductor.SchLib"; VariantName = "[No Variations]"
Add component (AddParameter): Name = "ComponentLink4Description"; Value = "Open Footprint"; VariantName = "[No Variations]"
Add component (AddParameter): Name = "ComponentLink4URL"; Value = "C:\ALTIUM_WORK\00001_MCHP-CDB\Library\Footprints\IND_C_1008.PcbLib"; VariantName = "[No Variations]"
Add component (AddParameter): Name = "ComponentLink5Description"; Value = "Open Footprint 2"; VariantName = "[No Variations]"
Add component (AddParameter): Name = "ComponentLink6Description"; Value = "Open Footprint 3"; VariantName = "[No Variations]"
Add component (AddParameter): Name = "ComponentLink7Description"; Value = "Open Footprint 4"; VariantName = "[No Variations]"
Add component (AddParameter): Name = "DCR"; Value = "0.06R"; VariantName = "[No Variations]"
Add component (AddParameter): Name = "Description_"; Value = "INDUCTOR 1.5uH 3.5A 20% SMD 1008"; VariantName = "[No Variations]"
Add component (AddParameter): Name = "Dev Tools Status"; Value = "Design"; VariantName = "[No Variations]"
Add component (AddParameter): Name = "Manufacturer 1"; Value = "Murata Electronics North America"; VariantName = "[No Variations]"
Add component (AddParameter): Name = "Manufacturer Part Number 1"; Value = "DFE252012P-1R5M=P2"; VariantName = "[No Variations]"
Add component (AddParameter): Name = "MCHP-ID"; Value = "IND1335"; VariantName = "[No Variations]"
Add component (AddParameter): Name = "Owner"; Value = "Razvan Cristescu"; VariantName = "[No Variations]"
Add component (AddParameter): Name = "Package"; Value = "1008"; VariantName = "[No Variations]"
Add component (AddParameter): Name = "Populated"; Value = "YES"; VariantName = "[No Variations]"
Add component (AddParameter): Name = "Quantity Override"; Value = "1"; VariantName = "[No Variations]"
Add component (AddParameter): Name = "Revision"; Value = "A"; VariantName = "[No Variations]"
Add component (AddParameter): Name = "RMS Current"; Value = "3.5A"; VariantName = "[No Variations]"
Add component (AddParameter): Name = "Status"; Value = "MCL Design"; VariantName = "[No Variations]"
Add component (AddParameter): Name = "Supplier 1"; Value = "Digi-Key"; VariantName = "[No Variations]"
Add component (AddParameter): Name = "Supplier Part Number 1"; Value = "490-10648-6-ND"; VariantName = "[No Variations]"
Add component (AddParameter): Name = "Symbol"; Value = "Inductor"; VariantName = "[No Variations]"
Add component (AddParameter): Name = "Test Frequency"; Value = "1MHz"; VariantName = "[No Variations]"
Add component (AddParameter): Name = "Type"; Value = "Inductor"; VariantName = "[No Variations]"
Add component (AddParameter): Name = "Value"; Value = "1.5uH"; VariantName = "[No Variations]"
Added Component: Designator=U6(UQFN-16_4X4_EP2.6X2.6)
Add component (AddParameter): Name = "Category"; Value = "MCHP-Analog"; VariantName = "[No Variations]"
Add component (AddParameter): Name = "ComponentLink1Description"; Value = "SVN Datasheet"; VariantName = "[No Variations]"
Add component (AddParameter): Name = "ComponentLink2Description"; Value = "Local Datasheet"; VariantName = "[No Variations]"
Add component (AddParameter): Name = "ComponentLink3Description"; Value = "Open Symbol"; VariantName = "[No Variations]"
Add component (AddParameter): Name = "ComponentLink3URL"; Value = "C:\ALTIUM_WORK\00001_MCHP-CDB\Library\LibraryRefs\PAC1934 UQFN-16.SchLib"; VariantName = "[No Variations]"
Add component (AddParameter): Name = "ComponentLink4Description"; Value = "Open Footprint"; VariantName = "[No Variations]"
Add component (AddParameter): Name = "ComponentLink4URL"; Value = "C:\ALTIUM_WORK\00001_MCHP-CDB\Library\Footprints\UQFN-16_4X4_EP2.6X2.6.PcbLib"; VariantName = "[No Variations]"
Add component (AddParameter): Name = "ComponentLink5Description"; Value = "Open Footprint 2"; VariantName = "[No Variations]"
Add component (AddParameter): Name = "ComponentLink6Description"; Value = "Open Footprint 3"; VariantName = "[No Variations]"
Add component (AddParameter): Name = "ComponentLink7Description"; Value = "Open Footprint 4"; VariantName = "[No Variations]"
Add component (AddParameter): Name = "Description_"; Value = "MCHP ANALOG POWER CURRENT SENSE MONITOR PAC1934T-I/JQ UQFN-16"; VariantName = "[No Variations]"
Add component (AddParameter): Name = "Dev Tools Status"; Value = "Design"; VariantName = "[No Variations]"
Add component (AddParameter): Name = "Manufacturer 1"; Value = "Microchip Technology"; VariantName = "[No Variations]"
Add component (AddParameter): Name = "Manufacturer Part Number 1"; Value = "PAC1934T-I/JQ"; VariantName = "[No Variations]"
Add component (AddParameter): Name = "MCHP-ID"; Value = "MIC8883"; VariantName = "[No Variations]"
Add component (AddParameter): Name = "Owner"; Value = "Ciprian Abramov"; VariantName = "[No Variations]"
Add component (AddParameter): Name = "Populated"; Value = "YES"; VariantName = "[No Variations]"
Add component (AddParameter): Name = "Quantity Override"; Value = "1"; VariantName = "[No Variations]"
Add component (AddParameter): Name = "Revision"; Value = "1"; VariantName = "[No Variations]"
Add component (AddParameter): Name = "Status"; Value = "MCL Design"; VariantName = "[No Variations]"
Add component (AddParameter): Name = "Supplier 1"; Value = "Digi-Key"; VariantName = "[No Variations]"
Add component (AddParameter): Name = "Supplier Part Number 1"; Value = "PAC1934T-I/JQCT-ND"; VariantName = "[No Variations]"
Add component (AddParameter): Name = "Symbol"; Value = "PAC1934 UQFN-16"; VariantName = "[No Variations]"
Add component (AddParameter): Name = "Type"; Value = "Power/Current Sensor"; VariantName = "[No Variations]"
Add component (AddParameter): Name = "Value"; Value = "PAC1934"; VariantName = "[No Variations]"
Added Component: Designator=VR1(VREG_LM1117MP-3.3/NOPB)
Add component (AddParameter): Name = "Check_prices"; Value = "https://www.snapeda.com/parts/LM1117MP-3.3/NOPB/Texas+Instruments/view-part/?ref=eda"; VariantName = "[No Variations]"
Add component (AddParameter): Name = "MF"; Value = "Texas Instruments"; VariantName = "[No Variations]"
Add component (AddParameter): Name = "MP"; Value = "LM1117MP-3.3/NOPB"; VariantName = "[No Variations]"
Add component (AddParameter): Name = "Package"; Value = "SOT-223-4 Texas Instruments"; VariantName = "[No Variations]"
Add component (AddParameter): Name = "SnapEDA_Link"; Value = "https://www.snapeda.com/parts/LM1117MP-3.3/NOPB/Texas+Instruments/view-part/?ref=snap"; VariantName = "[No Variations]"
Add component (AddParameter): Name = "Value"; Value = ""; VariantName = "[No Variations]"
Added Component: Designator=VR2(VREG_LM1117MP-3.3/NOPB)
Add component (AddParameter): Name = "Check_prices"; Value = "https://www.snapeda.com/parts/LM1117MP-3.3/NOPB/Texas+Instruments/view-part/?ref=eda"; VariantName = "[No Variations]"
Add component (AddParameter): Name = "MF"; Value = "Texas Instruments"; VariantName = "[No Variations]"
Add component (AddParameter): Name = "MP"; Value = "LM1117MP-3.3/NOPB"; VariantName = "[No Variations]"
Add component (AddParameter): Name = "Package"; Value = "SOT-223-4 Texas Instruments"; VariantName = "[No Variations]"
Add component (AddParameter): Name = "SnapEDA_Link"; Value = "https://www.snapeda.com/parts/LM1117MP-3.3/NOPB/Texas+Instruments/view-part/?ref=snap"; VariantName = "[No Variations]"
Add component (AddParameter): Name = "Value"; Value = ""; VariantName = "[No Variations]"
Add component: Footprint Not Found SIT8008AI-11-XXE-100.000000
Added Pin To Net: NetName=VDD_3V3 Pin=C130-1
Added Pin To Net: NetName=GND Pin=C130-2
Added Pin To Net: NetName=VDD_3V3 Pin=C131-1
Added Pin To Net: NetName=GND Pin=C131-2
Added Pin To Net: NetName=VDD_3V3 Pin=C132-1
Added Pin To Net: NetName=GND Pin=C132-2
Added Pin To Net: NetName=VDD_3V3 Pin=C133-1
Added Pin To Net: NetName=GND Pin=C133-2
Added Pin To Net: NetName=VDD_3V3 Pin=C134-2
Added Pin To Net: NetName=3V3_eMMC Pin=C135-2
Added Pin To Net: NetName=3V3_eMMC Pin=C136-2
Added Pin To Net: NetName=3V3_eMMC Pin=C137-2
Added Pin To Net: NetName=3V3_eMMC Pin=C138-2
Added Pin To Net: NetName=GND Pin=C152-2
Added Pin To Net: NetName=GND Pin=C156-2
Added Pin To Net: NetName=GND Pin=C157-2
Added Pin To Net: NetName=GND Pin=C158-2
Added Pin To Net: NetName=GND Pin=C159-2
Added Pin To Net: NetName=GND Pin=C160-2
Added Pin To Net: NetName=GND Pin=C161-2
Added Pin To Net: NetName=GND Pin=C162-2
Added Pin To Net: NetName=GND Pin=C163-2
Added Pin To Net: NetName=GND Pin=C169-2
Added Pin To Net: NetName=GND Pin=C172-2
Added Pin To Net: NetName=GND Pin=C173-2
Added Pin To Net: NetName=GND Pin=C174-2
Added Pin To Net: NetName=GND Pin=C175-2
Added Pin To Net: NetName=GND Pin=C176-2
Added Pin To Net: NetName=GND Pin=C177-2
Added Pin To Net: NetName=GND Pin=C178-2
Added Pin To Net: NetName=GND Pin=C179-2
Added Pin To Net: NetName=GND Pin=C180-1
Added Pin To Net: NetName=3V3_COM Pin=C180-2
Added Pin To Net: NetName=GND Pin=C181-2
Added Pin To Net: NetName=GND Pin=C182-2
Added Pin To Net: NetName=GND Pin=C183-2
Added Pin To Net: NetName=GND Pin=C185-2
Added Pin To Net: NetName=GND Pin=C186-2
Added Pin To Net: NetName=GND Pin=C187-2
Added Pin To Net: NetName=GND Pin=C188-2
Added Pin To Net: NetName=GND Pin=C193-2
Added Pin To Net: NetName=GND Pin=C194-2
Added Pin To Net: NetName=GND Pin=C197-2
Added Pin To Net: NetName=GND Pin=C198-2
Added Pin To Net: NetName=GND Pin=C199-2
Added Pin To Net: NetName=GND Pin=C200-2
Added Pin To Net: NetName=GND Pin=C201-2
Added Pin To Net: NetName=GND Pin=C202-2
Added Pin To Net: NetName=GND Pin=C203-2
Added Pin To Net: NetName=GND Pin=C204-2
Added Pin To Net: NetName=GND Pin=C205-2
Added Pin To Net: NetName=GND Pin=C206-2
Added Pin To Net: NetName=GND Pin=C207-2
Added Pin To Net: NetName=GND Pin=C208-2
Added Pin To Net: NetName=GND Pin=C209-2
Added Pin To Net: NetName=GND Pin=C210-2
Added Pin To Net: NetName=GND Pin=C211-2
Added Pin To Net: NetName=GND Pin=C212-2
Added Pin To Net: NetName=GND Pin=C217-2
Added Pin To Net: NetName=3V3_COM Pin=C218-2
Added Pin To Net: NetName=GND Pin=C223-2
Added Pin To Net: NetName=GND Pin=C224-2
Added Pin To Net: NetName=GND Pin=C231-2
Added Pin To Net: NetName=GND Pin=C234-2
Added Pin To Net: NetName=GND Pin=C237-2
Added Pin To Net: NetName=GND Pin=D2-1
Added Pin To Net: NetName=GND Pin=D6-2
Added Pin To Net: NetName=GND Pin=D8-2
Added Pin To Net: NetName=GND Pin=DNP/U1-4
Added Pin To Net: NetName=VDD_3V3 Pin=DNP/U1-8
Added Pin To Net: NetName=GND Pin=FB2-1
Added Pin To Net: NetName=12V_CONN Pin=H1-23
Added Pin To Net: NetName=12V_CONN Pin=H1-24
Added Pin To Net: NetName=GND Pin=H1-29
Added Pin To Net: NetName=GND Pin=H1-30
Added Pin To Net: NetName=GND Pin=H1-31
Added Pin To Net: NetName=GND Pin=H1-32
Added Pin To Net: NetName=GND Pin=H1-47
Added Pin To Net: NetName=GND Pin=H1-48
Added Pin To Net: NetName=RS_422_RX_P Pin=H2-09
Added Pin To Net: NetName=RS_422_RX_N Pin=H2-11
Added Pin To Net: NetName=RS_422_TX_P Pin=H2-13
Added Pin To Net: NetName=RS_422_TX_N Pin=H2-15
Added Pin To Net: NetName=GND Pin=IC1-1
Added Pin To Net: NetName=GND Pin=IC1-11
Added Pin To Net: NetName=GND Pin=IC1-15
Added Pin To Net: NetName=GND Pin=IC1-20
Added Pin To Net: NetName=GND Pin=IC1-21
Add Pin To Net: Unknown Pin: Pin J1-G1
Add Pin To Net: Unknown Pin: Pin J1-G2
Add Pin To Net: Unknown Pin: Pin J1-G3
Add Pin To Net: Unknown Pin: Pin J1-G4
Add Pin To Net: Unknown Pin: Pin J1-P1
Add Pin To Net: Unknown Pin: Pin J1-P2
Add Pin To Net: Unknown Pin: Pin J1-P3
Add Pin To Net: Unknown Pin: Pin J1-P4
Add Pin To Net: Unknown Pin: Pin J1-P5
Add Pin To Net: Unknown Pin: Pin J1-P6
Add Pin To Net: Unknown Pin: Pin J1-P7
Add Pin To Net: Unknown Pin: Pin J1-P8
Add Pin To Net: Unknown Pin: Pin J1-P9
Added Pin To Net: NetName=GND Pin=J2-3
Added Pin To Net: NetName=JTAG_TDI Pin=J2-4
Added Pin To Net: NetName=JTAG_TCK Pin=J2-5
Added Pin To Net: NetName=JTAG_TDO Pin=J2-7
Added Pin To Net: NetName=JTAG_TMS Pin=J2-8
Added Pin To Net: NetName=GND Pin=J3-5
Added Pin To Net: NetName=GND Pin=J3-6
Added Pin To Net: NetName=GND Pin=J3-6
Added Pin To Net: NetName=GND Pin=J3-6
Added Pin To Net: NetName=GND Pin=J3-6
Added Pin To Net: NetName=GND Pin=J3-6
Added Pin To Net: NetName=GND Pin=J3-6
Added Pin To Net: NetName=3V3_COM Pin=J4-1
Added Pin To Net: NetName=GND Pin=J4-4
Added Pin To Net: NetName=GND Pin=J4-M1
Added Pin To Net: NetName=GND Pin=J4-M2
Added Pin To Net: NetName=GND Pin=J5-4
Added Pin To Net: NetName=GND Pin=J6-5
Add Pin To Net: Unknown Pin: Pin J7-1
Add Pin To Net: Unknown Pin: Pin J7-2
Add Pin To Net: Unknown Pin: Pin J7-3
Add Pin To Net: Unknown Pin: Pin J7-4
Add Pin To Net: Unknown Pin: Pin J7-6
Add Pin To Net: Unknown Pin: Pin J7-7
Add Pin To Net: Unknown Pin: Pin J7-8
Add Pin To Net: Unknown Pin: Pin J7-9
Add Pin To Net: Unknown Pin: Pin J7-M1
Add Pin To Net: Unknown Pin: Pin J7-M2
Add Pin To Net: Unknown Pin: Pin J8-M1
Add Pin To Net: Unknown Pin: Pin J8-M2
Added Pin To Net: NetName=VDD_3V3 Pin=JP5-1
Added Pin To Net: NetName=VDD_3V3 Pin=R54-1
Added Pin To Net: NetName=SAM_RTC_I2C_SCL Pin=R54-2
Added Pin To Net: NetName=VDD_3V3 Pin=R57-1
Added Pin To Net: NetName=SAM_RTC_I2C_SDA Pin=R57-2
Added Pin To Net: NetName=VDD_3V3 Pin=R60-1
Added Pin To Net: NetName=VDD_3V3 Pin=R79-1
Added Pin To Net: NetName=VDD_3V3 Pin=R80-2
Added Pin To Net: NetName=5V_FPGA_efuse Pin=R83-1
Added Pin To Net: NetName=5V_FPGA_efuse Pin=R83-1
Added Pin To Net: NetName=SENSE_5V_FPGA_P Pin=R83-3
Added Pin To Net: NetName=SENSE_5V_FPGA_N Pin=R83-4
Added Pin To Net: NetName=3V3_COM Pin=R103-2
Added Pin To Net: NetName=3V3_COM Pin=R103-2
Added Pin To Net: NetName=VDD_3V3 Pin=R107-2
Added Pin To Net: NetName=SD2_nCD Pin=R113-1
Added Pin To Net: NetName=3V3_eMMC Pin=R113-2
Added Pin To Net: NetName=SD2_DATA1 Pin=R114-1
Added Pin To Net: NetName=3V3_eMMC Pin=R114-2
Added Pin To Net: NetName=SD2_DATA0 Pin=R117-1
Added Pin To Net: NetName=3V3_eMMC Pin=R117-2
Added Pin To Net: NetName=SD2_DATA2 Pin=R134-1
Added Pin To Net: NetName=3V3_eMMC Pin=R134-2
Added Pin To Net: NetName=SD2_DATA3 Pin=R136-1
Added Pin To Net: NetName=3V3_eMMC Pin=R136-2
Added Pin To Net: NetName=SD2_CLK Pin=R144-1
Added Pin To Net: NetName=3V3_eMMC Pin=R144-2
Added Pin To Net: NetName=SD2_CMD Pin=R145-1
Added Pin To Net: NetName=3V3_eMMC Pin=R145-2
Added Pin To Net: NetName=GND Pin=R175-1
Added Pin To Net: NetName=GND Pin=R178-1
Added Pin To Net: NetName=GND Pin=R181-1
Added Pin To Net: NetName=GND Pin=R184-1
Added Pin To Net: NetName=FPGA_FLASH_SPI_MCSN Pin=R197-2
Added Pin To Net: NetName=FPGA_FLASH_SPI_MISO/MD1 Pin=R204-2
Added Pin To Net: NetName=FPGA_FLASH_SPI_MOSI/MD0 Pin=R206-2
Added Pin To Net: NetName=JTAG_TMS Pin=R207-1
Added Pin To Net: NetName=JTAG_TDO Pin=R218-1
Added Pin To Net: NetName=JTAG_TDI Pin=R219-1
Added Pin To Net: NetName=3V3_COM Pin=R226-1
Added Pin To Net: NetName=NetC166_2 Pin=R227-1
Added Pin To Net: NetName=GND Pin=R240-1
Added Pin To Net: NetName=JTAG_TCK Pin=R240-2
Added Pin To Net: NetName=FPGA_FLASH_SPI_MCLK Pin=R243-2
Added Pin To Net: NetName=GND Pin=R246-2
Added Pin To Net: NetName=SAMA7_FLASH_SPI_MCSN Pin=R248-1
Added Pin To Net: NetName=FPGA_FLASH_SPI_MCSN Pin=R249-1
Added Pin To Net: NetName=SAMA7_FLASH_SPI_FPGA_SEL Pin=R250-1
Added Pin To Net: NetName=GND Pin=R254-1
Added Pin To Net: NetName=GND Pin=R255-1
Added Pin To Net: NetName=_PE5 Pin=R268-2
Added Pin To Net: NetName=_PD05 Pin=R271-2
Added Pin To Net: NetName=_PD06 Pin=R272-2
Added Pin To Net: NetName=_PC15 Pin=R273-2
Added Pin To Net: NetName=_PC16 Pin=R274-2
Added Pin To Net: NetName=_PC20 Pin=R275-2
Added Pin To Net: NetName=_PC21 Pin=R276-2
Added Pin To Net: NetName=3V3_COM Pin=R277-1
Added Pin To Net: NetName=GND Pin=R278-2
Added Pin To Net: NetName=GND Pin=R279-2
Added Pin To Net: NetName=GND Pin=R280-2
Added Pin To Net: NetName=3V3_COM Pin=R281-1
Added Pin To Net: NetName=3V3_COM Pin=R282-1
Added Pin To Net: NetName=GND Pin=R283-2
Added Pin To Net: NetName=SOM_RS422_R\E\ Pin=R284-2
Added Pin To Net: NetName=SOM_RS422_DE Pin=R286-2
Added Pin To Net: NetName=GND Pin=R290-2
Added Pin To Net: NetName=GND Pin=R291-2
Added Pin To Net: NetName=NetQ2_1 Pin=R292-2
Added Pin To Net: NetName=NetQ2_1 Pin=R293-2
Added Pin To Net: NetName=NetQ5_1 Pin=R295-2
Added Pin To Net: NetName=NetQ5_1 Pin=R296-2
Added Pin To Net: NetName=GND Pin=R302-1
Added Pin To Net: NetName=GND Pin=R303-1
Added Pin To Net: NetName=GND Pin=R304-1
Added Pin To Net: NetName=GND Pin=R309-1
Added Pin To Net: NetName=GND Pin=R314-1
Added Pin To Net: NetName=GND Pin=R322-1
Added Pin To Net: NetName=GND Pin=R324-1
Added Pin To Net: NetName=GND Pin=R328-1
Added Pin To Net: NetName=3V3_COM Pin=R329-1
Added Pin To Net: NetName=VDD_3V3 Pin=U6-2
Added Pin To Net: NetName=GND Pin=U6-3
Added Pin To Net: NetName=SAM_RTC_I2C_SCL Pin=U6-4
Added Pin To Net: NetName=SAM_RTC_I2C_SDA Pin=U6-5
Added Pin To Net: NetName=SENSE_5V_FPGA_P Pin=U6-13
Added Pin To Net: NetName=SENSE_5V_FPGA_N Pin=U6-14
Added Pin To Net: NetName=VDD_3V3 Pin=U6-15
Added Pin To Net: NetName=GND Pin=U6-17
Added Pin To Net: NetName=NetC142_2 Pin=U9-3
Added Pin To Net: NetName=NetC144_2 Pin=U9-6
Added Pin To Net: NetName=GND Pin=U9-15
Added Pin To Net: NetName=NetC148_2 Pin=U10-5
Added Pin To Net: NetName=GND Pin=U10-15
Added Pin To Net: NetName=GND Pin=U11-A1
Added Pin To Net: NetName=GND Pin=U11-A11
Added Pin To Net: NetName=GND Pin=U11-B8
Added Pin To Net: NetName=GND Pin=U11-C5
Added Pin To Net: NetName=GND Pin=U11-C15
Added Pin To Net: NetName=GND Pin=U11-D2
Added Pin To Net: NetName=GND Pin=U11-D12
Added Pin To Net: NetName=GND Pin=U11-E9
Added Pin To Net: NetName=GND Pin=U11-F6
Added Pin To Net: NetName=GND Pin=U11-F8
Added Pin To Net: NetName=GND Pin=U11-F10
Added Pin To Net: NetName=GND Pin=U11-F16
Added Pin To Net: NetName=GND Pin=U11-G3
Added Pin To Net: NetName=GND Pin=U11-G9
Added Pin To Net: NetName=GND Pin=U11-G13
Added Pin To Net: NetName=NetR196_1 Pin=U11-H4
Added Pin To Net: NetName=GND Pin=U11-H6
Added Pin To Net: NetName=GND Pin=U11-J9
Added Pin To Net: NetName=GND Pin=U11-J11
Added Pin To Net: NetName=NetR203_1 Pin=U11-K3
Added Pin To Net: NetName=GND Pin=U11-K4
Added Pin To Net: NetName=GND Pin=U11-K6
Added Pin To Net: NetName=GND Pin=U11-K7
Added Pin To Net: NetName=GND Pin=U11-K8
Added Pin To Net: NetName=GND Pin=U11-K14
Added Pin To Net: NetName=GND Pin=U11-L1
Added Pin To Net: NetName=JTAG_TCK Pin=U11-L7
Added Pin To Net: NetName=GND Pin=U11-L11
Added Pin To Net: NetName=JTAG_TMS Pin=U11-M7
Added Pin To Net: NetName=GND Pin=U11-M8
Added Pin To Net: NetName=GND Pin=U11-N5
Added Pin To Net: NetName=JTAG_TDI Pin=U11-N7
Added Pin To Net: NetName=JTAG_TDO Pin=U11-N8
Added Pin To Net: NetName=GND Pin=U11-N15
Added Pin To Net: NetName=GND Pin=U11-P2
Added Pin To Net: NetName=GND Pin=U11-P12
Added Pin To Net: NetName=GND Pin=U11-R9
Added Pin To Net: NetName=GND Pin=U11-T6
Added Pin To Net: NetName=GND Pin=U11-T16
Added Pin To Net: NetName=SAMA7_FLASH_SPI_FPGA_SEL Pin=U13-1
Added Pin To Net: NetName=SAMA7_FLASH_SPI_MCSN Pin=U13-2
Added Pin To Net: NetName=FPGA_FLASH_SPI_MCSN Pin=U13-3
Added Pin To Net: NetName=SAMA7_FLASH_SPI_MCLK Pin=U13-5
Added Pin To Net: NetName=FPGA_FLASH_SPI_MCLK Pin=U13-6
Added Pin To Net: NetName=GND Pin=U13-8
Added Pin To Net: NetName=FPGA_FLASH_SPI_MOSI/MD0 Pin=U13-10
Added Pin To Net: NetName=SAMA7_FLASH_SPI_MOSI/MD0 Pin=U13-11
Added Pin To Net: NetName=FPGA_FLASH_SPI_MISO/MD1 Pin=U13-13
Added Pin To Net: NetName=SAMA7_FLASH_SPI_MISO/MD1 Pin=U13-14
Added Pin To Net: NetName=NetR254_2 Pin=U13-15
Added Pin To Net: NetName=GND Pin=U14-8
Added Pin To Net: NetName=GND Pin=U17-5
Add Pin To Net: Unknown Pin: Pin U17-9
Added Pin To Net: NetName=GND Pin=U18-4
Added Pin To Net: NetName=GND Pin=U19-7
Added Pin To Net: NetName=GND Pin=U19-8
Added Pin To Net: NetName=3V3_COM Pin=U19-16
Added Pin To Net: NetName=GND Pin=U20-6
Added Pin To Net: NetName=NetC230_2 Pin=U24-7
Added Pin To Net: NetName=NetC230_2 Pin=U24-7
Added Pin To Net: NetName=GND Pin=U24-8
Added Pin To Net: NetName=GND Pin=U26-6
Added Pin To Net: NetName=GND Pin=U26-10
Added Pin To Net: NetName=GND Pin=U26-10
Add Pin To Net: Unknown Pin: Pin U26-11
Add Pin To Net: Unknown Pin: Pin U26-13
Add Pin To Net: Unknown Pin: Pin U26-15
Add Pin To Net: Unknown Pin: Pin U26-17
Added Pin To Net: NetName=_PB31 Pin=U27-A13
Added Pin To Net: NetName=_PB30 Pin=U27-B9
Added Pin To Net: NetName=_PB18 Pin=U27-D21
Added Pin To Net: NetName=_PB17 Pin=U27-F21
Added Pin To Net: NetName=_PB28 Pin=U27-G10
Added Pin To Net: NetName=_PB11 Pin=U27-G21
Added Pin To Net: NetName=_PB29 Pin=U27-H11
Added Pin To Net: NetName=_PB19 Pin=U27-M13
Added Pin To Net: NetName=_PB16 Pin=U27-M14
Added Pin To Net: NetName=_PB12 Pin=U27-M15
Added Pin To Net: NetName=_PB14 Pin=U27-N14
Added Pin To Net: NetName=_PB15 Pin=U27-N15
Added Pin To Net: NetName=_PB10 Pin=U27-P15
Added Pin To Net: NetName=_PB9 Pin=U27-P17
Added Pin To Net: NetName=_PB13 Pin=U27-R16
Added Pin To Net: NetName=_PB8 Pin=U27-T18
Added Pin To Net: NetName=_PB6 Pin=U27-T19
Added Pin To Net: NetName=_PB4 Pin=U27-T20
Added Pin To Net: NetName=_PB2 Pin=U27-T21
Added Pin To Net: NetName=_PB0 Pin=U27-U18
Added Pin To Net: NetName=_PB5 Pin=U27-V18
Added Pin To Net: NetName=_PB3 Pin=U27-V19
Added Pin To Net: NetName=_PB1 Pin=U27-W21
Added Pin To Net: NetName=GND Pin=U28-5
Added Pin To Net: NetName=3V3_COM Pin=U28-8
Added Pin To Net: NetName=GND Pin=VR1-1
Added Pin To Net: NetName=GND Pin=VR2-1
Add Pin To Net: Unknown Pin: Pin X1-2
Change Net Name : Old Net Name=3V3_COM New Net Name=+3.3V
Change Net Name : Old Net Name=5V_FPGA_efuse New Net Name=+5V_FPGA_eFUSE
Change Net Name : Old Net Name=SOM_CANRX0 New Net Name=MPU_CANRX0
Change Net Name : Old Net Name=SOM_CANRX1 New Net Name=MPU_CANRX1
Change Net Name : Old Net Name=SOM_CANTX0 New Net Name=MPU_CANTX0
Change Net Name : Old Net Name=SOM_CANTX1 New Net Name=MPU_CANTX1
Change Net Color : Old Net Color=RGB(255, 110, 255) New Net Color=Default
Added Pin To Net: NetName=_PA30 Pin=R270-2
Added Pin To Net: NetName=_PA30 Pin=U3-R14
Added Net: Name=_PA30
Added Pin To Net: NetName=_PB25 Pin=R269-2
Added Pin To Net: NetName=_PB25 Pin=U27-J14
Added Net: Name=_PB25
Added Pin To Net: NetName=+1.8V_FPGA Pin=C159-1
Added Pin To Net: NetName=+1.8V_FPGA Pin=C160-1
Added Pin To Net: NetName=+1.8V_FPGA Pin=C161-1
Added Pin To Net: NetName=+1.8V_FPGA Pin=C172-1
Added Pin To Net: NetName=+1.8V_FPGA Pin=C173-1
Added Pin To Net: NetName=+1.8V_FPGA Pin=C174-1
Added Pin To Net: NetName=+1.8V_FPGA Pin=C239-1
Added Pin To Net: NetName=+1.8V_FPGA Pin=C240-1
Added Pin To Net: NetName=+1.8V_FPGA Pin=FB1-2
Added Pin To Net: NetName=+1.8V_FPGA Pin=L6-2
Added Pin To Net: NetName=+1.8V_FPGA Pin=R319-1
Added Pin To Net: NetName=+1.8V_FPGA Pin=R323-2
Added Pin To Net: NetName=+1.8V_FPGA Pin=U11-G10
Added Pin To Net: NetName=+1.8V_FPGA Pin=U11-J10
Added Pin To Net: NetName=+1.8V_FPGA Pin=U11-K11
Added Pin To Net: NetName=+1.8V_FPGA Pin=U11-L10
Added Net: Name=+1.8V_FPGA
Added Pin To Net: NetName=+1V_FPGA Pin=C156-1
Added Pin To Net: NetName=+1V_FPGA Pin=C157-1
Added Pin To Net: NetName=+1V_FPGA Pin=C158-1
Added Pin To Net: NetName=+1V_FPGA Pin=C162-1
Added Pin To Net: NetName=+1V_FPGA Pin=C163-1
Added Pin To Net: NetName=+1V_FPGA Pin=C169-1
Added Pin To Net: NetName=+1V_FPGA Pin=C175-1
Added Pin To Net: NetName=+1V_FPGA Pin=C176-1
Added Pin To Net: NetName=+1V_FPGA Pin=C177-1
Added Pin To Net: NetName=+1V_FPGA Pin=C241-1
Added Pin To Net: NetName=+1V_FPGA Pin=C242-1
Added Pin To Net: NetName=+1V_FPGA Pin=L7-2
Added Pin To Net: NetName=+1V_FPGA Pin=R321-1
Added Pin To Net: NetName=+1V_FPGA Pin=R327-2
Added Pin To Net: NetName=+1V_FPGA Pin=U11-E10
Added Pin To Net: NetName=+1V_FPGA Pin=U11-F7
Added Pin To Net: NetName=+1V_FPGA Pin=U11-F9
Added Pin To Net: NetName=+1V_FPGA Pin=U11-F11
Added Pin To Net: NetName=+1V_FPGA Pin=U11-G6
Added Pin To Net: NetName=+1V_FPGA Pin=U11-H9
Added Pin To Net: NetName=+1V_FPGA Pin=U11-J6
Added Pin To Net: NetName=+1V_FPGA Pin=U11-K9
Added Pin To Net: NetName=+1V_FPGA Pin=U11-L8
Added Net: Name=+1V_FPGA
Added Pin To Net: NetName=+3.3V/5V Pin=R105-2
Added Pin To Net: NetName=+3.3V/5V Pin=R105-2
Added Pin To Net: NetName=+3.3V/5V Pin=R288-2
Added Pin To Net: NetName=+3.3V/5V Pin=R289-2
Added Pin To Net: NetName=+3.3V/5V Pin=U20-7
Added Net: Name=+3.3V/5V
Added Pin To Net: NetName=+3.3V/5V_SENSE Pin=C220-2
Added Pin To Net: NetName=+3.3V/5V_SENSE Pin=JP7-1
Added Pin To Net: NetName=+3.3V/5V_SENSE Pin=R105-1
Added Pin To Net: NetName=+3.3V/5V_SENSE Pin=R105-1
Added Net: Name=+3.3V/5V_SENSE
Added Pin To Net: NetName=+3.3V_FPGA_IO Pin=C178-1
Added Pin To Net: NetName=+3.3V_FPGA_IO Pin=C179-1
Added Pin To Net: NetName=+3.3V_FPGA_IO Pin=C181-1
Added Pin To Net: NetName=+3.3V_FPGA_IO Pin=C182-1
Added Pin To Net: NetName=+3.3V_FPGA_IO Pin=C183-1
Added Pin To Net: NetName=+3.3V_FPGA_IO Pin=C184-1
Added Pin To Net: NetName=+3.3V_FPGA_IO Pin=C185-1
Added Pin To Net: NetName=+3.3V_FPGA_IO Pin=C186-1
Added Pin To Net: NetName=+3.3V_FPGA_IO Pin=C187-1
Added Pin To Net: NetName=+3.3V_FPGA_IO Pin=C188-1
Added Pin To Net: NetName=+3.3V_FPGA_IO Pin=C193-1
Added Pin To Net: NetName=+3.3V_FPGA_IO Pin=C194-1
Added Pin To Net: NetName=+3.3V_FPGA_IO Pin=C197-1
Added Pin To Net: NetName=+3.3V_FPGA_IO Pin=C198-1
Added Pin To Net: NetName=+3.3V_FPGA_IO Pin=C199-1
Added Pin To Net: NetName=+3.3V_FPGA_IO Pin=C200-1
Added Pin To Net: NetName=+3.3V_FPGA_IO Pin=C201-1
Added Pin To Net: NetName=+3.3V_FPGA_IO Pin=C202-1
Added Pin To Net: NetName=+3.3V_FPGA_IO Pin=C203-1
Added Pin To Net: NetName=+3.3V_FPGA_IO Pin=C204-1
Added Pin To Net: NetName=+3.3V_FPGA_IO Pin=C205-1
Added Pin To Net: NetName=+3.3V_FPGA_IO Pin=C206-1
Added Pin To Net: NetName=+3.3V_FPGA_IO Pin=C207-1
Added Pin To Net: NetName=+3.3V_FPGA_IO Pin=C208-1
Added Pin To Net: NetName=+3.3V_FPGA_IO Pin=C209-1
Added Pin To Net: NetName=+3.3V_FPGA_IO Pin=C210-1
Added Pin To Net: NetName=+3.3V_FPGA_IO Pin=C211-1
Added Pin To Net: NetName=+3.3V_FPGA_IO Pin=C212-1
Added Pin To Net: NetName=+3.3V_FPGA_IO Pin=C213-2
Added Pin To Net: NetName=+3.3V_FPGA_IO Pin=C214-2
Added Pin To Net: NetName=+3.3V_FPGA_IO Pin=C215-2
Added Pin To Net: NetName=+3.3V_FPGA_IO Pin=C216-2
Added Pin To Net: NetName=+3.3V_FPGA_IO Pin=C217-1
Added Pin To Net: NetName=+3.3V_FPGA_IO Pin=C237-1
Added Pin To Net: NetName=+3.3V_FPGA_IO Pin=C238-1
Added Pin To Net: NetName=+3.3V_FPGA_IO Pin=D10-2
Added Pin To Net: NetName=+3.3V_FPGA_IO Pin=J2-2
Added Pin To Net: NetName=+3.3V_FPGA_IO Pin=L5-2
Added Pin To Net: NetName=+3.3V_FPGA_IO Pin=R207-2
Added Pin To Net: NetName=+3.3V_FPGA_IO Pin=R218-2
Added Pin To Net: NetName=+3.3V_FPGA_IO Pin=R219-2
Added Pin To Net: NetName=+3.3V_FPGA_IO Pin=R220-2
Added Pin To Net: NetName=+3.3V_FPGA_IO Pin=R221-2
Added Pin To Net: NetName=+3.3V_FPGA_IO Pin=R239-2
Added Pin To Net: NetName=+3.3V_FPGA_IO Pin=R241-2
Added Pin To Net: NetName=+3.3V_FPGA_IO Pin=R244-2
Added Pin To Net: NetName=+3.3V_FPGA_IO Pin=R245-2
Added Pin To Net: NetName=+3.3V_FPGA_IO Pin=R248-2
Added Pin To Net: NetName=+3.3V_FPGA_IO Pin=R249-2
Added Pin To Net: NetName=+3.3V_FPGA_IO Pin=R250-2
Added Pin To Net: NetName=+3.3V_FPGA_IO Pin=R251-2
Added Pin To Net: NetName=+3.3V_FPGA_IO Pin=R252-2
Added Pin To Net: NetName=+3.3V_FPGA_IO Pin=R253-2
Added Pin To Net: NetName=+3.3V_FPGA_IO Pin=R256-2
Added Pin To Net: NetName=+3.3V_FPGA_IO Pin=R257-2
Added Pin To Net: NetName=+3.3V_FPGA_IO Pin=R258-2
Added Pin To Net: NetName=+3.3V_FPGA_IO Pin=R260-2
Added Pin To Net: NetName=+3.3V_FPGA_IO Pin=R261-2
Added Pin To Net: NetName=+3.3V_FPGA_IO Pin=R315-1
Added Pin To Net: NetName=+3.3V_FPGA_IO Pin=R316-1
Added Pin To Net: NetName=+3.3V_FPGA_IO Pin=R317-2
Added Pin To Net: NetName=+3.3V_FPGA_IO Pin=R318-2
Added Pin To Net: NetName=+3.3V_FPGA_IO Pin=R320-2
Added Pin To Net: NetName=+3.3V_FPGA_IO Pin=U11-A6
Added Pin To Net: NetName=+3.3V_FPGA_IO Pin=U11-A16
Added Pin To Net: NetName=+3.3V_FPGA_IO Pin=U11-B3
Added Pin To Net: NetName=+3.3V_FPGA_IO Pin=U11-B13
Added Pin To Net: NetName=+3.3V_FPGA_IO Pin=U11-C10
Added Pin To Net: NetName=+3.3V_FPGA_IO Pin=U11-D7
Added Pin To Net: NetName=+3.3V_FPGA_IO Pin=U11-E4
Added Pin To Net: NetName=+3.3V_FPGA_IO Pin=U11-E14
Added Pin To Net: NetName=+3.3V_FPGA_IO Pin=U11-F1
Added Pin To Net: NetName=+3.3V_FPGA_IO Pin=U11-H15
Added Pin To Net: NetName=+3.3V_FPGA_IO Pin=U11-J2
Added Pin To Net: NetName=+3.3V_FPGA_IO Pin=U11-J12
Added Pin To Net: NetName=+3.3V_FPGA_IO Pin=U11-L6
Added Pin To Net: NetName=+3.3V_FPGA_IO Pin=U11-L16
Added Pin To Net: NetName=+3.3V_FPGA_IO Pin=U11-M3
Added Pin To Net: NetName=+3.3V_FPGA_IO Pin=U11-M13
Added Pin To Net: NetName=+3.3V_FPGA_IO Pin=U11-N10
Added Pin To Net: NetName=+3.3V_FPGA_IO Pin=U11-P7
Added Pin To Net: NetName=+3.3V_FPGA_IO Pin=U11-R4
Added Pin To Net: NetName=+3.3V_FPGA_IO Pin=U11-R14
Added Pin To Net: NetName=+3.3V_FPGA_IO Pin=U11-T1
Added Pin To Net: NetName=+3.3V_FPGA_IO Pin=U11-T11
Added Pin To Net: NetName=+3.3V_FPGA_IO Pin=U13-16
Added Pin To Net: NetName=+3.3V_FPGA_IO Pin=U14-16
Added Pin To Net: NetName=+3.3V_FPGA_IO Pin=U18-8
Added Net: Name=+3.3V_FPGA_IO
Added Pin To Net: NetName=+3.3V_SAMA7 Pin=C232-2
Added Pin To Net: NetName=+3.3V_SAMA7 Pin=C233-2
Added Pin To Net: NetName=+3.3V_SAMA7 Pin=DS2-2
Added Pin To Net: NetName=+3.3V_SAMA7 Pin=JP7-3
Added Pin To Net: NetName=+3.3V_SAMA7 Pin=VR1-2
Added Pin To Net: NetName=+3.3V_SAMA7 Pin=VR1-4
Added Net: Name=+3.3V_SAMA7
Added Pin To Net: NetName=+3.3V_SENSE Pin=C235-2
Added Pin To Net: NetName=+3.3V_SENSE Pin=C236-2
Added Pin To Net: NetName=+3.3V_SENSE Pin=DS3-2
Added Pin To Net: NetName=+3.3V_SENSE Pin=R103-1
Added Pin To Net: NetName=+3.3V_SENSE Pin=R103-1
Added Pin To Net: NetName=+3.3V_SENSE Pin=VR2-2
Added Pin To Net: NetName=+3.3V_SENSE Pin=VR2-4
Added Net: Name=+3.3V_SENSE
Added Pin To Net: NetName=+5V_FPGA Pin=IC1-3
Added Pin To Net: NetName=+5V_FPGA Pin=IC1-5
Added Pin To Net: NetName=+5V_FPGA Pin=IC1-6
Added Pin To Net: NetName=+5V_FPGA Pin=IC1-10
Added Pin To Net: NetName=+5V_FPGA Pin=IC1-12
Added Pin To Net: NetName=+5V_FPGA Pin=IC1-13
Added Pin To Net: NetName=+5V_FPGA Pin=IC1-14
Added Pin To Net: NetName=+5V_FPGA Pin=IC1-17
Added Pin To Net: NetName=+5V_FPGA Pin=IC1-18
Added Pin To Net: NetName=+5V_FPGA Pin=R83-2
Added Pin To Net: NetName=+5V_FPGA Pin=R83-2
Added Pin To Net: NetName=+5V_FPGA Pin=R325-2
Added Net: Name=+5V_FPGA
Added Pin To Net: NetName=+5V_PC104 Pin=C191-2
Added Pin To Net: NetName=+5V_PC104 Pin=C192-2
Added Pin To Net: NetName=+5V_PC104 Pin=C227-2
Added Pin To Net: NetName=+5V_PC104 Pin=C228-2
Added Pin To Net: NetName=+5V_PC104 Pin=H1-25
Added Pin To Net: NetName=+5V_PC104 Pin=H1-26
Added Pin To Net: NetName=+5V_PC104 Pin=JP8-1
Added Pin To Net: NetName=+5V_PC104 Pin=R298-2
Added Pin To Net: NetName=+5V_PC104 Pin=R306-2
Added Pin To Net: NetName=+5V_PC104 Pin=SB6-1
Added Pin To Net: NetName=+5V_PC104 Pin=U24-5
Added Pin To Net: NetName=+5V_PC104 Pin=U30-5
Added Net: Name=+5V_PC104
Added Pin To Net: NetName=+5V_SAMA7 Pin=C141-2
Added Pin To Net: NetName=+5V_SAMA7 Pin=C146-2
Added Pin To Net: NetName=+5V_SAMA7 Pin=C231-1
Added Pin To Net: NetName=+5V_SAMA7 Pin=C234-1
Added Pin To Net: NetName=+5V_SAMA7 Pin=JP6-1
Added Pin To Net: NetName=+5V_SAMA7 Pin=JP7-2
Added Pin To Net: NetName=+5V_SAMA7 Pin=R81-2
Added Pin To Net: NetName=+5V_SAMA7 Pin=R81-2
Added Pin To Net: NetName=+5V_SAMA7 Pin=R305-1
Added Pin To Net: NetName=+5V_SAMA7 Pin=U9-16
Added Pin To Net: NetName=+5V_SAMA7 Pin=U10-16
Added Pin To Net: NetName=+5V_SAMA7 Pin=VR1-3
Added Pin To Net: NetName=+5V_SAMA7 Pin=VR2-3
Added Net: Name=+5V_SAMA7
Added Pin To Net: NetName=+5V_SAMA7_eFUSE Pin=C225-2
Added Pin To Net: NetName=+5V_SAMA7_eFUSE Pin=C226-2
Added Pin To Net: NetName=+5V_SAMA7_eFUSE Pin=D9-1
Added Pin To Net: NetName=+5V_SAMA7_eFUSE Pin=DS1-2
Added Pin To Net: NetName=+5V_SAMA7_eFUSE Pin=JP8-2
Added Pin To Net: NetName=+5V_SAMA7_eFUSE Pin=R81-1
Added Pin To Net: NetName=+5V_SAMA7_eFUSE Pin=R81-1
Added Pin To Net: NetName=+5V_SAMA7_eFUSE Pin=R299-2
Added Pin To Net: NetName=+5V_SAMA7_eFUSE Pin=R300-2
Added Pin To Net: NetName=+5V_SAMA7_eFUSE Pin=U24-6
Added Net: Name=+5V_SAMA7_eFUSE
Added Pin To Net: NetName=AGND Pin=C151-2
Added Pin To Net: NetName=AGND Pin=FB2-2
Added Pin To Net: NetName=AGND Pin=U11-G7
Added Pin To Net: NetName=AGND Pin=U11-H7
Added Pin To Net: NetName=AGND Pin=U11-H8
Added Pin To Net: NetName=AGND Pin=U11-J7
Added Pin To Net: NetName=AGND Pin=U11-J8
Added Net: Name=AGND
Added Pin To Net: NetName=CFGBVS Pin=R220-1
Added Pin To Net: NetName=CFGBVS Pin=U11-E7
Added Net: Name=CFGBVS
Added Pin To Net: NetName=CONF_CLK Pin=U14-7
Added Pin To Net: NetName=CONF_CLK Pin=U17-2
Added Net: Name=CONF_CLK
Added Pin To Net: NetName=CONF_CS Pin=R256-1
Added Pin To Net: NetName=CONF_CS Pin=U14-4
Added Pin To Net: NetName=CONF_CS Pin=U17-1
Added Net: Name=CONF_CS
Added Pin To Net: NetName=CONF_MISO Pin=R262-2
Added Pin To Net: NetName=CONF_MISO Pin=U14-12
Added Net: Name=CONF_MISO
Added Pin To Net: NetName=CONF_MISO_NR Pin=R262-1
Added Pin To Net: NetName=CONF_MISO_NR Pin=U17-4
Added Net: Name=CONF_MISO_NR
Added Pin To Net: NetName=CONF_MOSI Pin=R259-2
Added Pin To Net: NetName=CONF_MOSI Pin=U14-9
Added Net: Name=CONF_MOSI
Added Pin To Net: NetName=CONF_MOSI_NR Pin=R259-1
Added Pin To Net: NetName=CONF_MOSI_NR Pin=U17-3
Added Net: Name=CONF_MOSI_NR
Added Pin To Net: NetName=CONN_IN_SEL Pin=R277-2
Added Pin To Net: NetName=CONN_IN_SEL Pin=R278-1
Added Pin To Net: NetName=CONN_IN_SEL Pin=U19-10
Added Net: Name=CONN_IN_SEL
Added Pin To Net: NetName=CONN_USB_1_R_N Pin=D7-6
Added Pin To Net: NetName=CONN_USB_1_R_N Pin=J5-3
Added Net: Name=CONN_USB_1_R_N
Added Pin To Net: NetName=CONN_USB_1_R_P Pin=D7-4
Added Pin To Net: NetName=CONN_USB_1_R_P Pin=J5-2
Added Net: Name=CONN_USB_1_R_P
Added Pin To Net: NetName=CONN_USB_2_R_N Pin=D8-6
Added Pin To Net: NetName=CONN_USB_2_R_N Pin=J6-3
Added Net: Name=CONN_USB_2_R_N
Added Pin To Net: NetName=CONN_USB_2_R_P Pin=D8-4
Added Pin To Net: NetName=CONN_USB_2_R_P Pin=J6-2
Added Net: Name=CONN_USB_2_R_P
Added Pin To Net: NetName=CONN_USB_N Pin=D6-6
Added Pin To Net: NetName=CONN_USB_N Pin=J3-2
Added Net: Name=CONN_USB_N
Added Pin To Net: NetName=CONN_USB_P Pin=D6-4
Added Pin To Net: NetName=CONN_USB_P Pin=J3-3
Added Net: Name=CONN_USB_P
Added Pin To Net: NetName=DONE Pin=R241-1
Added Pin To Net: NetName=DONE Pin=R242-1
Added Pin To Net: NetName=DONE Pin=U11-H10
Added Net: Name=DONE
Added Pin To Net: NetName=FLASH_CLK Pin=R243-1
Added Pin To Net: NetName=FLASH_CLK Pin=U11-E8
Added Net: Name=FLASH_CLK
Added Pin To Net: NetName=FLASH_CS Pin=R197-1
Added Pin To Net: NetName=FLASH_CS Pin=U11-L12
Added Net: Name=FLASH_CS
Added Pin To Net: NetName=FLASH_D0 Pin=R206-1
Added Pin To Net: NetName=FLASH_D0 Pin=U11-J13
Added Net: Name=FLASH_D0
Added Pin To Net: NetName=FLASH_D1 Pin=R204-1
Added Pin To Net: NetName=FLASH_D1 Pin=U11-J14
Added Net: Name=FLASH_D1
Added Pin To Net: NetName=FLASH_D2 Pin=R202-1
Added Pin To Net: NetName=FLASH_D2 Pin=U11-K15
Added Net: Name=FLASH_D2
Added Pin To Net: NetName=FLASH_D3 Pin=R201-1
Added Pin To Net: NetName=FLASH_D3 Pin=U11-K16
Added Net: Name=FLASH_D3
Added Pin To Net: NetName=FLASH_SPI_CLK Pin=R260-1
Added Pin To Net: NetName=FLASH_SPI_CLK Pin=U13-7
Added Pin To Net: NetName=FLASH_SPI_CLK Pin=U18-6
Added Net: Name=FLASH_SPI_CLK
Added Pin To Net: NetName=FLASH_SPI_MISO/D1 Pin=R264-1
Added Pin To Net: NetName=FLASH_SPI_MISO/D1 Pin=U13-12
Added Net: Name=FLASH_SPI_MISO/D1
Added Pin To Net: NetName=FLASH_SPI_MOSI/D0 Pin=R267-2
Added Pin To Net: NetName=FLASH_SPI_MOSI/D0 Pin=U13-9
Added Net: Name=FLASH_SPI_MOSI/D0
Added Pin To Net: NetName=FLASH_SPI_nCS Pin=R263-1
Added Pin To Net: NetName=FLASH_SPI_nCS Pin=U13-4
Added Net: Name=FLASH_SPI_nCS
Added Pin To Net: NetName=FPGA_CLK Pin=U11-N14
Added Net: Name=FPGA_CLK
Added Pin To Net: NetName=FPGA_CONF_CLK Pin=R186-1
Added Pin To Net: NetName=FPGA_CONF_CLK Pin=U11-P14
Added Net: Name=FPGA_CONF_CLK
Added Pin To Net: NetName=FPGA_CONF_CS Pin=R187-1
Added Pin To Net: NetName=FPGA_CONF_CS Pin=U11-N13
Added Net: Name=FPGA_CONF_CS
Added Pin To Net: NetName=FPGA_CONF_MISO Pin=R192-1
Added Pin To Net: NetName=FPGA_CONF_MISO Pin=U11-P16
Added Net: Name=FPGA_CONF_MISO
Added Pin To Net: NetName=FPGA_CONF_MOSI Pin=R189-1
Added Pin To Net: NetName=FPGA_CONF_MOSI Pin=U11-R16
Added Net: Name=FPGA_CONF_MOSI
Added Pin To Net: NetName=FPGA_CONF_SPI_CLK Pin=R186-2
Added Pin To Net: NetName=FPGA_CONF_SPI_CLK Pin=U14-6
Added Net: Name=FPGA_CONF_SPI_CLK
Added Pin To Net: NetName=FPGA_CONF_SPI_CS Pin=R187-2
Added Pin To Net: NetName=FPGA_CONF_SPI_CS Pin=R252-1
Added Pin To Net: NetName=FPGA_CONF_SPI_CS Pin=U14-3
Added Net: Name=FPGA_CONF_SPI_CS
Added Pin To Net: NetName=FPGA_CONF_SPI_MISO Pin=R192-2
Added Pin To Net: NetName=FPGA_CONF_SPI_MISO Pin=U14-13
Added Net: Name=FPGA_CONF_SPI_MISO
Added Pin To Net: NetName=FPGA_CONF_SPI_MOSI Pin=R189-2
Added Pin To Net: NetName=FPGA_CONF_SPI_MOSI Pin=U14-10
Added Net: Name=FPGA_CONF_SPI_MOSI
Added Pin To Net: NetName=FPGA_D0 Pin=R198-2
Added Pin To Net: NetName=FPGA_D0 Pin=U25-6
Added Net: Name=FPGA_D0
Added Pin To Net: NetName=FPGA_D1 Pin=R199-2
Added Pin To Net: NetName=FPGA_D1 Pin=U25-8
Added Net: Name=FPGA_D1
Added Pin To Net: NetName=FPGA_D2 Pin=R188-2
Added Net: Name=FPGA_D2
Added Pin To Net: NetName=FPGA_D3 Pin=R190-2
Added Net: Name=FPGA_D3
Added Pin To Net: NetName=FPGA_D4 Pin=R194-2
Added Net: Name=FPGA_D4
Added Pin To Net: NetName=FPGA_D5 Pin=R196-2
Added Net: Name=FPGA_D5
Added Pin To Net: NetName=FPGA_D6 Pin=R203-2
Added Pin To Net: NetName=FPGA_D6 Pin=U26-2
Added Net: Name=FPGA_D6
Added Pin To Net: NetName=FPGA_D7 Pin=R205-2
Added Pin To Net: NetName=FPGA_D7 Pin=U26-4
Added Pin To Net: NetName=FPGA_D7 Pin=U26-4
Added Net: Name=FPGA_D7
Added Pin To Net: NetName=FPGA_FLASH_SPI_MD2 Pin=R202-2
Added Pin To Net: NetName=FPGA_FLASH_SPI_MD2 Pin=R266-1
Added Net: Name=FPGA_FLASH_SPI_MD2
Added Pin To Net: NetName=FPGA_FLASH_SPI_MD3 Pin=R201-2
Added Pin To Net: NetName=FPGA_FLASH_SPI_MD3 Pin=R265-2
Added Net: Name=FPGA_FLASH_SPI_MD3
Added Pin To Net: NetName=FPGA_IO0 Pin=J9-1
Added Pin To Net: NetName=FPGA_IO0 Pin=R335-2
Added Net: Name=FPGA_IO0
Added Pin To Net: NetName=FPGA_IO1 Pin=J9-2
Added Pin To Net: NetName=FPGA_IO1 Pin=R336-2
Added Net: Name=FPGA_IO1
Added Pin To Net: NetName=FPGA_IO2 Pin=J9-3
Added Pin To Net: NetName=FPGA_IO2 Pin=R334-2
Added Net: Name=FPGA_IO2
Added Pin To Net: NetName=FPGA_IO3 Pin=J9-4
Added Pin To Net: NetName=FPGA_IO3 Pin=R332-2
Added Net: Name=FPGA_IO3
Added Pin To Net: NetName=FPGA_IO4 Pin=J9-5
Added Pin To Net: NetName=FPGA_IO4 Pin=R333-2
Added Net: Name=FPGA_IO4
Added Pin To Net: NetName=FPGA_IO5 Pin=J9-6
Added Pin To Net: NetName=FPGA_IO5 Pin=R331-2
Added Net: Name=FPGA_IO5
Added Pin To Net: NetName=FPGA_IO6 Pin=J9-7
Added Pin To Net: NetName=FPGA_IO6 Pin=R330-2
Added Net: Name=FPGA_IO6
Added Pin To Net: NetName=FPGA_IO7 Pin=J9-8
Added Pin To Net: NetName=FPGA_IO7 Pin=R185-2
Added Net: Name=FPGA_IO7
Added Pin To Net: NetName=FPGA_nOE Pin=R200-2
Added Pin To Net: NetName=FPGA_nOE Pin=R315-2
Added Pin To Net: NetName=FPGA_nOE Pin=U25-1
Added Pin To Net: NetName=FPGA_nOE Pin=U26-1
Added Pin To Net: NetName=FPGA_nOE Pin=U26-1
Added Net: Name=FPGA_nOE
Added Pin To Net: NetName=FPGA_RCLK Pin=R191-2
Added Pin To Net: NetName=FPGA_RCLK Pin=U25-2
Added Net: Name=FPGA_RCLK
Added Pin To Net: NetName=FPGA_SRCLK Pin=R193-2
Added Pin To Net: NetName=FPGA_SRCLK Pin=U25-4
Added Net: Name=FPGA_SRCLK
Added Pin To Net: NetName=FPGA_USART_CLK Pin=R269-1
Added Pin To Net: NetName=FPGA_USART_CLK Pin=U11-P8
Added Net: Name=FPGA_USART_CLK
Added Pin To Net: NetName=FPGA_USART_RX Pin=R148-1
Added Pin To Net: NetName=FPGA_USART_RX Pin=U11-R8
Added Net: Name=FPGA_USART_RX
Added Pin To Net: NetName=FPGA_USART_TX Pin=R147-1
Added Pin To Net: NetName=FPGA_USART_TX Pin=U11-T7
Added Net: Name=FPGA_USART_TX
Added Pin To Net: NetName=INIT_B Pin=R239-1
Added Pin To Net: NetName=INIT_B Pin=U11-K10
Added Net: Name=INIT_B
Added Pin To Net: NetName=MODE_0 Pin=R244-1
Added Pin To Net: NetName=MODE_0 Pin=U11-M9
Added Net: Name=MODE_0
Added Pin To Net: NetName=MODE_1 Pin=R246-1
Added Pin To Net: NetName=MODE_1 Pin=U11-M10
Added Net: Name=MODE_1
Added Pin To Net: NetName=MODE_2 Pin=R247-1
Added Pin To Net: NetName=MODE_2 Pin=U11-M11
Added Net: Name=MODE_2
Added Pin To Net: NetName=MPU_UART_CONSOLE_RX Pin=J4-3
Added Pin To Net: NetName=MPU_UART_CONSOLE_RX Pin=R137-1
Added Pin To Net: NetName=MPU_UART_CONSOLE_RX Pin=R281-2
Added Pin To Net: NetName=MPU_UART_CONSOLE_RX Pin=U19-5
Added Net: Name=MPU_UART_CONSOLE_RX
Added Pin To Net: NetName=MPU_UART_CONSOLE_TX Pin=J4-2
Added Pin To Net: NetName=MPU_UART_CONSOLE_TX Pin=R135-1
Added Pin To Net: NetName=MPU_UART_CONSOLE_TX Pin=R282-2
Added Pin To Net: NetName=MPU_UART_CONSOLE_TX Pin=U19-14
Added Net: Name=MPU_UART_CONSOLE_TX
Added Pin To Net: NetName=MPU_UART_RS422_RX Pin=R151-1
Added Pin To Net: NetName=MPU_UART_RS422_RX Pin=U19-1
Added Net: Name=MPU_UART_RS422_RX
Added Pin To Net: NetName=MPU_UART_RS422_TX Pin=R149-1
Added Pin To Net: NetName=MPU_UART_RS422_TX Pin=U19-12
Added Net: Name=MPU_UART_RS422_TX
Added Pin To Net: NetName=MPU_USB_LED_1 Pin=R82-1
Added Pin To Net: NetName=MPU_USB_LED_1 Pin=R293-1
Added Net: Name=MPU_USB_LED_1
Added Pin To Net: NetName=MPU_USB_LED_2 Pin=R84-1
Added Pin To Net: NetName=MPU_USB_LED_2 Pin=R296-1
Added Net: Name=MPU_USB_LED_2
Added Pin To Net: NetName=MPU_USBA_N Pin=D6-1
Added Pin To Net: NetName=MPU_USBA_N Pin=U3-B3
Added Net: Name=MPU_USBA_N
Added Pin To Net: NetName=MPU_USBA_P Pin=D6-3
Added Pin To Net: NetName=MPU_USBA_P Pin=U3-A3
Added Net: Name=MPU_USBA_P
Added Pin To Net: NetName=MPU_USBB_N Pin=D7-1
Added Pin To Net: NetName=MPU_USBB_N Pin=U3-B4
Added Net: Name=MPU_USBB_N
Added Pin To Net: NetName=MPU_USBB_P Pin=D7-3
Added Pin To Net: NetName=MPU_USBB_P Pin=U3-A4
Added Net: Name=MPU_USBB_P
Added Pin To Net: NetName=MPU_USBC_N Pin=D8-1
Added Pin To Net: NetName=MPU_USBC_N Pin=U3-B6
Added Net: Name=MPU_USBC_N
Added Pin To Net: NetName=MPU_USBC_P Pin=D8-3
Added Pin To Net: NetName=MPU_USBC_P Pin=U3-A6
Added Net: Name=MPU_USBC_P
Added Pin To Net: NetName=NetC142_1 Pin=C142-1
Added Pin To Net: NetName=NetC142_1 Pin=U9-1
Added Net: Name=NetC142_1
Added Pin To Net: NetName=NetC143_1 Pin=C143-1
Added Pin To Net: NetName=NetC143_1 Pin=U9-4
Added Net: Name=NetC143_1
Added Pin To Net: NetName=NetC143_2 Pin=C143-2
Added Pin To Net: NetName=NetC143_2 Pin=U9-5
Added Net: Name=NetC143_2
Added Pin To Net: NetName=NetC145_2 Pin=C145-2
Added Pin To Net: NetName=NetC145_2 Pin=U9-2
Added Net: Name=NetC145_2
Added Pin To Net: NetName=NetC147_1 Pin=C147-1
Added Pin To Net: NetName=NetC147_1 Pin=U10-1
Added Net: Name=NetC147_1
Added Pin To Net: NetName=NetC147_2 Pin=C147-2
Added Pin To Net: NetName=NetC147_2 Pin=U10-3
Added Net: Name=NetC147_2
Added Pin To Net: NetName=NetC148_1 Pin=C148-1
Added Pin To Net: NetName=NetC148_1 Pin=U10-4
Added Net: Name=NetC148_1
Added Pin To Net: NetName=NetC149_2 Pin=C149-2
Added Pin To Net: NetName=NetC149_2 Pin=U10-6
Added Net: Name=NetC149_2
Added Pin To Net: NetName=NetC150_2 Pin=C150-2
Added Pin To Net: NetName=NetC150_2 Pin=U10-2
Added Net: Name=NetC150_2
Added Pin To Net: NetName=NetC229_2 Pin=C229-2
Added Pin To Net: NetName=NetC229_2 Pin=U24-10
Added Pin To Net: NetName=NetC229_2 Pin=U24-10
Added Net: Name=NetC229_2
Added Pin To Net: NetName=NetC238_2 Pin=C238-2
Added Pin To Net: NetName=NetC238_2 Pin=IC1-8
Added Pin To Net: NetName=NetC238_2 Pin=R317-1
Added Pin To Net: NetName=NetC238_2 Pin=R322-2
Added Net: Name=NetC238_2
Added Pin To Net: NetName=NetC240_2 Pin=C240-2
Added Pin To Net: NetName=NetC240_2 Pin=IC1-7
Added Pin To Net: NetName=NetC240_2 Pin=R323-1
Added Pin To Net: NetName=NetC240_2 Pin=R324-2
Added Net: Name=NetC240_2
Added Pin To Net: NetName=NetC242_2 Pin=C242-2
Added Pin To Net: NetName=NetC242_2 Pin=IC1-9
Added Pin To Net: NetName=NetC242_2 Pin=R327-1
Added Pin To Net: NetName=NetC242_2 Pin=R328-2
Added Net: Name=NetC242_2
Added Pin To Net: NetName=NetD2_2 Pin=D2-2
Added Pin To Net: NetName=NetD2_2 Pin=R242-2
Added Net: Name=NetD2_2
Added Pin To Net: NetName=NetD10_1 Pin=D10-1
Added Pin To Net: NetName=NetD10_1 Pin=R326-2
Added Net: Name=NetD10_1
Added Pin To Net: NetName=NetDNP/U1_1 Pin=DNP/U1-1
Added Pin To Net: NetName=NetDNP/U1_1 Pin=JP5-2
Added Pin To Net: NetName=NetDNP/U1_1 Pin=R107-1
Added Pin To Net: NetName=NetDNP/U1_1 Pin=R110-2
Added Net: Name=NetDNP/U1_1
Added Pin To Net: NetName=NetDS1_1 Pin=DS1-1
Added Pin To Net: NetName=NetDS1_1 Pin=R302-2
Added Net: Name=NetDS1_1
Added Pin To Net: NetName=NetDS2_1 Pin=DS2-1
Added Pin To Net: NetName=NetDS2_1 Pin=R309-2
Added Net: Name=NetDS2_1
Added Pin To Net: NetName=NetDS3_1 Pin=DS3-1
Added Pin To Net: NetName=NetDS3_1 Pin=R314-2
Added Net: Name=NetDS3_1
Added Pin To Net: NetName=NetH2_21 Pin=H2-21
Added Pin To Net: NetName=NetH2_21 Pin=R42-1
Added Net: Name=NetH2_21
Added Pin To Net: NetName=NetH2_22 Pin=H2-22
Added Pin To Net: NetName=NetH2_22 Pin=R270-1
Added Net: Name=NetH2_22
Added Pin To Net: NetName=NetH2_23 Pin=H2-23
Added Pin To Net: NetName=NetH2_23 Pin=R101-1
Added Net: Name=NetH2_23
Added Pin To Net: NetName=NetH2_25 Pin=H2-25
Added Pin To Net: NetName=NetH2_25 Pin=R47-1
Added Net: Name=NetH2_25
Added Pin To Net: NetName=NetH2_27 Pin=H2-27
Added Pin To Net: NetName=NetH2_27 Pin=R45-1
Added Net: Name=NetH2_27
Added Pin To Net: NetName=NetH2_37 Pin=H2-37
Added Pin To Net: NetName=NetH2_37 Pin=R228-1
Added Pin To Net: NetName=NetH2_37 Pin=U28-7
Added Net: Name=NetH2_37
Added Pin To Net: NetName=NetH2_38 Pin=H2-38
Added Pin To Net: NetName=NetH2_38 Pin=R228-2
Added Pin To Net: NetName=NetH2_38 Pin=U28-6
Added Net: Name=NetH2_38
Added Pin To Net: NetName=NetIC1_2 Pin=IC1-2
Added Pin To Net: NetName=NetIC1_2 Pin=L6-1
Added Net: Name=NetIC1_2
Added Pin To Net: NetName=NetIC1_4 Pin=IC1-4
Added Pin To Net: NetName=NetIC1_4 Pin=R325-1
Added Net: Name=NetIC1_4
Added Pin To Net: NetName=NetIC1_16 Pin=IC1-16
Added Pin To Net: NetName=NetIC1_16 Pin=L7-1
Added Net: Name=NetIC1_16
Added Pin To Net: NetName=NetIC1_19 Pin=IC1-19
Added Pin To Net: NetName=NetIC1_19 Pin=L5-1
Added Net: Name=NetIC1_19
Added Net: Name=NetJ8_2
Added Net: Name=NetJ8_3
Added Net: Name=NetJ8_4
Added Net: Name=NetJ8_5
Added Pin To Net: NetName=NetJ8_6 Pin=U25-9
Added Net: Name=NetJ8_6
Added Pin To Net: NetName=NetJ8_7 Pin=U25-7
Added Net: Name=NetJ8_7
Added Pin To Net: NetName=NetJ8_8 Pin=U25-5
Added Net: Name=NetJ8_8
Added Pin To Net: NetName=NetJ8_9 Pin=U25-3
Added Net: Name=NetJ8_9
Added Net: Name=NetJ8_10
Added Net: Name=NetJ8_11
Added Pin To Net: NetName=NetQ2_3 Pin=Q2-3
Added Pin To Net: NetName=NetQ2_3 Pin=R294-1
Added Net: Name=NetQ2_3
Added Pin To Net: NetName=NetQ5_3 Pin=Q5-3
Added Pin To Net: NetName=NetQ5_3 Pin=R297-1
Added Net: Name=NetQ5_3
Added Pin To Net: NetName=NetR48_1 Pin=R48-1
Added Pin To Net: NetName=NetR48_1 Pin=U28-4
Added Net: Name=NetR48_1
Added Pin To Net: NetName=NetR51_1 Pin=R51-1
Added Pin To Net: NetName=NetR51_1 Pin=U28-1
Added Net: Name=NetR51_1
Added Pin To Net: NetName=NetR60_2 Pin=R60-2
Added Pin To Net: NetName=NetR60_2 Pin=U6-16
Added Net: Name=NetR60_2
Added Pin To Net: NetName=NetR79_2 Pin=R79-2
Added Pin To Net: NetName=NetR79_2 Pin=R396-1
Added Pin To Net: NetName=NetR79_2 Pin=U6-1
Added Net: Name=NetR79_2
Added Pin To Net: NetName=NetR80_1 Pin=R80-1
Added Pin To Net: NetName=NetR80_1 Pin=U6-6
Added Net: Name=NetR80_1
Added Pin To Net: NetName=NetR146_2 Pin=R146-2
Added Pin To Net: NetName=NetR146_2 Pin=U9-12
Added Net: Name=NetR146_2
Added Pin To Net: NetName=NetR174_1 Pin=R174-1
Added Pin To Net: NetName=NetR174_1 Pin=U9-13
Added Net: Name=NetR174_1
Added Pin To Net: NetName=NetR175_2 Pin=R175-2
Added Pin To Net: NetName=NetR175_2 Pin=U9-8
Added Net: Name=NetR175_2
Added Pin To Net: NetName=NetR176_2 Pin=R176-2
Added Pin To Net: NetName=NetR176_2 Pin=U9-11
Added Net: Name=NetR176_2
Added Pin To Net: NetName=NetR177_1 Pin=R177-1
Added Pin To Net: NetName=NetR177_1 Pin=U9-14
Added Net: Name=NetR177_1
Added Pin To Net: NetName=NetR178_2 Pin=R178-2
Added Pin To Net: NetName=NetR178_2 Pin=U9-10
Added Net: Name=NetR178_2
Added Pin To Net: NetName=NetR179_2 Pin=R179-2
Added Pin To Net: NetName=NetR179_2 Pin=U10-12
Added Net: Name=NetR179_2
Added Pin To Net: NetName=NetR180_1 Pin=R180-1
Added Pin To Net: NetName=NetR180_1 Pin=U10-13
Added Net: Name=NetR180_1
Added Pin To Net: NetName=NetR181_2 Pin=R181-2
Added Pin To Net: NetName=NetR181_2 Pin=U10-8
Added Net: Name=NetR181_2
Added Pin To Net: NetName=NetR182_2 Pin=R182-2
Added Pin To Net: NetName=NetR182_2 Pin=U10-11
Added Net: Name=NetR182_2
Added Pin To Net: NetName=NetR183_1 Pin=R183-1
Added Pin To Net: NetName=NetR183_1 Pin=U10-14
Added Net: Name=NetR183_1
Added Pin To Net: NetName=NetR184_2 Pin=R184-2
Added Pin To Net: NetName=NetR184_2 Pin=U10-10
Added Net: Name=NetR184_2
Added Pin To Net: NetName=NetR185_1 Pin=R185-1
Added Pin To Net: NetName=NetR185_1 Pin=U11-P5
Added Net: Name=NetR185_1
Added Pin To Net: NetName=NetR188_1 Pin=R188-1
Added Pin To Net: NetName=NetR188_1 Pin=U11-G5
Added Net: Name=NetR188_1
Added Pin To Net: NetName=NetR190_1 Pin=R190-1
Added Pin To Net: NetName=NetR190_1 Pin=U11-G4
Added Net: Name=NetR190_1
Added Pin To Net: NetName=NetR191_1 Pin=R191-1
Added Pin To Net: NetName=NetR191_1 Pin=U11-G2
Added Net: Name=NetR191_1
Added Pin To Net: NetName=NetR193_1 Pin=R193-1
Added Pin To Net: NetName=NetR193_1 Pin=U11-G1
Added Net: Name=NetR193_1
Added Pin To Net: NetName=NetR194_1 Pin=R194-1
Added Pin To Net: NetName=NetR194_1 Pin=U11-H5
Added Net: Name=NetR194_1
Added Pin To Net: NetName=NetR198_1 Pin=R198-1
Added Pin To Net: NetName=NetR198_1 Pin=U11-H2
Added Net: Name=NetR198_1
Added Pin To Net: NetName=NetR199_1 Pin=R199-1
Added Pin To Net: NetName=NetR199_1 Pin=U11-H1
Added Net: Name=NetR199_1
Added Pin To Net: NetName=NetR200_1 Pin=R200-1
Added Pin To Net: NetName=NetR200_1 Pin=U11-K1
Added Net: Name=NetR200_1
Added Pin To Net: NetName=NetR205_1 Pin=R205-1
Added Pin To Net: NetName=NetR205_1 Pin=U11-K2
Added Net: Name=NetR205_1
Added Pin To Net: NetName=NetR217_2 Pin=R217-2
Added Pin To Net: NetName=NetR217_2 Pin=R283-1
Added Net: Name=NetR217_2
Added Pin To Net: NetName=NetR226_2 Pin=R226-2
Added Pin To Net: NetName=NetR226_2 Pin=R268-1
Added Pin To Net: NetName=NetR226_2 Pin=R329-2
Added Pin To Net: NetName=NetR226_2 Pin=U28-2
Added Pin To Net: NetName=NetR226_2 Pin=U28-3
Added Net: Name=NetR226_2
Added Pin To Net: NetName=NetR245_1 Pin=R245-1
Added Net: Name=NetR245_1
Added Pin To Net: NetName=NetR255_2 Pin=R255-2
Added Pin To Net: NetName=NetR255_2 Pin=U14-15
Added Net: Name=NetR255_2
Added Pin To Net: NetName=NetR257_1 Pin=R257-1
Added Pin To Net: NetName=NetR257_1 Pin=R263-2
Added Pin To Net: NetName=NetR257_1 Pin=U18-1
Added Net: Name=NetR257_1
Added Pin To Net: NetName=NetR258_1 Pin=R258-1
Added Pin To Net: NetName=NetR258_1 Pin=R266-2
Added Pin To Net: NetName=NetR258_1 Pin=U18-3
Added Net: Name=NetR258_1
Added Pin To Net: NetName=NetR261_1 Pin=R261-1
Added Pin To Net: NetName=NetR261_1 Pin=R265-1
Added Pin To Net: NetName=NetR261_1 Pin=U18-7
Added Net: Name=NetR261_1
Added Pin To Net: NetName=NetR264_2 Pin=R264-2
Added Pin To Net: NetName=NetR264_2 Pin=U18-2
Added Net: Name=NetR264_2
Added Pin To Net: NetName=NetR267_1 Pin=R267-1
Added Pin To Net: NetName=NetR267_1 Pin=U18-5
Added Net: Name=NetR267_1
Added Pin To Net: NetName=NetR279_1 Pin=R279-1
Added Pin To Net: NetName=NetR279_1 Pin=U19-9
Added Net: Name=NetR279_1
Added Pin To Net: NetName=NetR280_1 Pin=R280-1
Added Pin To Net: NetName=NetR280_1 Pin=U19-6
Added Net: Name=NetR280_1
Added Pin To Net: NetName=NetR284_1 Pin=R284-1
Added Pin To Net: NetName=NetR284_1 Pin=U23-2
Added Net: Name=NetR284_1
Added Pin To Net: NetName=NetR285_1 Pin=R285-1
Added Pin To Net: NetName=NetR285_1 Pin=U23-1
Added Net: Name=NetR285_1
Added Pin To Net: NetName=NetR286_1 Pin=R286-1
Added Pin To Net: NetName=NetR286_1 Pin=U23-3
Added Net: Name=NetR286_1
Added Pin To Net: NetName=NetR287_1 Pin=R287-1
Added Pin To Net: NetName=NetR287_1 Pin=U23-4
Added Net: Name=NetR287_1
Added Pin To Net: NetName=NetR298_1 Pin=R298-1
Added Pin To Net: NetName=NetR298_1 Pin=R301-2
Added Pin To Net: NetName=NetR298_1 Pin=U24-1
Added Pin To Net: NetName=NetR298_1 Pin=U24-1
Added Net: Name=NetR298_1
Added Pin To Net: NetName=NetR299_1 Pin=R299-1
Added Pin To Net: NetName=NetR299_1 Pin=U24-3
Added Net: Name=NetR299_1
Added Pin To Net: NetName=NetR300_1 Pin=R300-1
Added Pin To Net: NetName=NetR300_1 Pin=U24-4
Added Pin To Net: NetName=NetR300_1 Pin=U24-4
Added Net: Name=NetR300_1
Added Pin To Net: NetName=NetR301_1 Pin=R301-1
Added Pin To Net: NetName=NetR301_1 Pin=R303-2
Added Pin To Net: NetName=NetR301_1 Pin=U24-2
Added Net: Name=NetR301_1
Added Pin To Net: NetName=NetR304_2 Pin=R304-2
Added Pin To Net: NetName=NetR304_2 Pin=U24-9
Added Net: Name=NetR304_2
Added Pin To Net: NetName=NetR316_2 Pin=R316-2
Added Net: Name=NetR316_2
Added Pin To Net: NetName=NetR330_1 Pin=R330-1
Added Pin To Net: NetName=NetR330_1 Pin=U11-M5
Added Net: Name=NetR330_1
Added Pin To Net: NetName=NetR331_1 Pin=R331-1
Added Pin To Net: NetName=NetR331_1 Pin=U11-P3
Added Net: Name=NetR331_1
Added Pin To Net: NetName=NetR332_1 Pin=R332-1
Added Pin To Net: NetName=NetR332_1 Pin=U11-P4
Added Net: Name=NetR332_1
Added Pin To Net: NetName=NetR333_1 Pin=R333-1
Added Pin To Net: NetName=NetR333_1 Pin=U11-P1
Added Net: Name=NetR333_1
Added Pin To Net: NetName=NetR334_1 Pin=R334-1
Added Pin To Net: NetName=NetR334_1 Pin=U11-N1
Added Net: Name=NetR334_1
Added Pin To Net: NetName=NetR335_1 Pin=R335-1
Added Pin To Net: NetName=NetR335_1 Pin=U11-M1
Added Net: Name=NetR335_1
Added Pin To Net: NetName=NetR336_1 Pin=R336-1
Added Pin To Net: NetName=NetR336_1 Pin=U11-M2
Added Net: Name=NetR336_1
Added Pin To Net: NetName=PC104_CAM_IQR1 Pin=H2-47
Added Pin To Net: NetName=PC104_CAM_IQR1 Pin=R271-1
Added Net: Name=PC104_CAM_IQR1
Added Pin To Net: NetName=PC104_CAM_IQR2 Pin=H2-49
Added Pin To Net: NetName=PC104_CAM_IQR2 Pin=R272-1
Added Net: Name=PC104_CAM_IQR2
Added Pin To Net: NetName=PC104_CAN_H Pin=H2-03
Added Pin To Net: NetName=PC104_CAN_H Pin=R222-1
Added Pin To Net: NetName=PC104_CAN_H Pin=U21-7
Added Pin To Net: NetName=PC104_CAN_H Pin=U22-7
Added Net: Name=PC104_CAN_H
Added Pin To Net: NetName=PC104_CAN_L Pin=H2-01
Added Pin To Net: NetName=PC104_CAN_L Pin=R224-2
Added Pin To Net: NetName=PC104_CAN_L Pin=U21-6
Added Pin To Net: NetName=PC104_CAN_L Pin=U22-6
Added Net: Name=PC104_CAN_L
Added Pin To Net: NetName=PC104_I2C_IQR1 Pin=H2-43
Added Pin To Net: NetName=PC104_I2C_IQR1 Pin=R275-1
Added Net: Name=PC104_I2C_IQR1
Added Pin To Net: NetName=PC104_I2C_IQR2 Pin=H2-45
Added Pin To Net: NetName=PC104_I2C_IQR2 Pin=R276-1
Added Net: Name=PC104_I2C_IQR2
Added Pin To Net: NetName=PC104_I2C_SCL Pin=H2-46
Added Pin To Net: NetName=PC104_I2C_SCL Pin=R142-1
Added Net: Name=PC104_I2C_SCL
Added Pin To Net: NetName=PC104_I2C_SDA Pin=H2-44
Added Pin To Net: NetName=PC104_I2C_SDA Pin=R140-1
Added Net: Name=PC104_I2C_SDA
Added Pin To Net: NetName=PC104_RS232_1_RX Pin=H2-19
Added Pin To Net: NetName=PC104_RS232_1_RX Pin=R174-2
Added Net: Name=PC104_RS232_1_RX
Added Pin To Net: NetName=PC104_RS232_1_TX Pin=H2-20
Added Pin To Net: NetName=PC104_RS232_1_TX Pin=R177-2
Added Net: Name=PC104_RS232_1_TX
Added Pin To Net: NetName=PC104_RS232_2_RX Pin=H2-39
Added Pin To Net: NetName=PC104_RS232_2_RX Pin=R180-2
Added Net: Name=PC104_RS232_2_RX
Added Pin To Net: NetName=PC104_RS232_2_TX Pin=H2-41
Added Pin To Net: NetName=PC104_RS232_2_TX Pin=R183-2
Added Net: Name=PC104_RS232_2_TX
Added Pin To Net: NetName=PC104_SPI_IQR1 Pin=H2-24
Added Pin To Net: NetName=PC104_SPI_IQR1 Pin=R273-1
Added Net: Name=PC104_SPI_IQR1
Added Pin To Net: NetName=PC104_SPI_IQR2 Pin=H2-26
Added Pin To Net: NetName=PC104_SPI_IQR2 Pin=R274-1
Added Net: Name=PC104_SPI_IQR2
Added Pin To Net: NetName=PROGRAM_B Pin=R221-1
Added Pin To Net: NetName=PROGRAM_B Pin=U11-L9
Added Net: Name=PROGRAM_B
Added Pin To Net: NetName=RS232_1_UART_RX Pin=R141-1
Added Pin To Net: NetName=RS232_1_UART_RX Pin=R146-1
Added Net: Name=RS232_1_UART_RX
Added Pin To Net: NetName=RS232_1_UART_TX Pin=R139-1
Added Pin To Net: NetName=RS232_1_UART_TX Pin=R176-1
Added Net: Name=RS232_1_UART_TX
Added Pin To Net: NetName=RS232_2_UART_RX Pin=R129-1
Added Pin To Net: NetName=RS232_2_UART_RX Pin=R179-1
Added Net: Name=RS232_2_UART_RX
Added Pin To Net: NetName=RS232_2_UART_TX Pin=R131-1
Added Pin To Net: NetName=RS232_2_UART_TX Pin=R182-1
Added Net: Name=RS232_2_UART_TX
Added Pin To Net: NetName=RS422_RX Pin=R285-2
Added Pin To Net: NetName=RS422_RX Pin=U19-3
Added Net: Name=RS422_RX
Added Pin To Net: NetName=RS422_TX Pin=R287-2
Added Pin To Net: NetName=RS422_TX Pin=U19-13
Added Net: Name=RS422_TX
Added Pin To Net: NetName=SAM7_MRAM_QSPI_CLK Pin=DNP/U1-6
Added Pin To Net: NetName=SAM7_MRAM_QSPI_CLK Pin=R77-1
Added Net: Name=SAM7_MRAM_QSPI_CLK
Added Pin To Net: NetName=SAM7_MRAM_QSPI_IO0 Pin=DNP/U1-5
Added Pin To Net: NetName=SAM7_MRAM_QSPI_IO0 Pin=R73-1
Added Net: Name=SAM7_MRAM_QSPI_IO0
Added Pin To Net: NetName=SAM7_MRAM_QSPI_IO1 Pin=DNP/U1-2
Added Pin To Net: NetName=SAM7_MRAM_QSPI_IO1 Pin=R71-1
Added Net: Name=SAM7_MRAM_QSPI_IO1
Added Pin To Net: NetName=SAM7_MRAM_QSPI_IO2 Pin=DNP/U1-3
Added Pin To Net: NetName=SAM7_MRAM_QSPI_IO2 Pin=R69-1
Added Net: Name=SAM7_MRAM_QSPI_IO2
Added Pin To Net: NetName=SAM7_MRAM_QSPI_IO3 Pin=DNP/U1-7
Added Pin To Net: NetName=SAM7_MRAM_QSPI_IO3 Pin=R66-1
Added Net: Name=SAM7_MRAM_QSPI_IO3
Added Pin To Net: NetName=SAM7_MRAM_QSPI_nCS Pin=R75-1
Added Pin To Net: NetName=SAM7_MRAM_QSPI_nCS Pin=R110-1
Added Net: Name=SAM7_MRAM_QSPI_nCS
Added Pin To Net: NetName=SAMA7_CONF_SPI_FPGA_SEL Pin=R87-1
Added Pin To Net: NetName=SAMA7_CONF_SPI_FPGA_SEL Pin=R253-1
Added Pin To Net: NetName=SAMA7_CONF_SPI_FPGA_SEL Pin=U14-1
Added Net: Name=SAMA7_CONF_SPI_FPGA_SEL
Added Pin To Net: NetName=SAMA7_CONF_SPI_MCLK Pin=R95-1
Added Pin To Net: NetName=SAMA7_CONF_SPI_MCLK Pin=U14-5
Added Net: Name=SAMA7_CONF_SPI_MCLK
Added Pin To Net: NetName=SAMA7_CONF_SPI_MCSN Pin=R96-1
Added Pin To Net: NetName=SAMA7_CONF_SPI_MCSN Pin=R251-1
Added Pin To Net: NetName=SAMA7_CONF_SPI_MCSN Pin=U14-2
Added Net: Name=SAMA7_CONF_SPI_MCSN
Added Pin To Net: NetName=SAMA7_CONF_SPI_MISO/MD1 Pin=R98-1
Added Pin To Net: NetName=SAMA7_CONF_SPI_MISO/MD1 Pin=U14-14
Added Net: Name=SAMA7_CONF_SPI_MISO/MD1
Added Pin To Net: NetName=SAMA7_CONF_SPI_MOSI/MD0 Pin=R97-1
Added Pin To Net: NetName=SAMA7_CONF_SPI_MOSI/MD0 Pin=U14-11
Added Net: Name=SAMA7_CONF_SPI_MOSI/MD0
Added Pin To Net: NetName=SENSE_3.3V/5V_N Pin=R105-4
Added Pin To Net: NetName=SENSE_3.3V/5V_N Pin=U6-9
Added Net: Name=SENSE_3.3V/5V_N
Added Pin To Net: NetName=SENSE_3.3V/5V_P Pin=R105-3
Added Pin To Net: NetName=SENSE_3.3V/5V_P Pin=U6-10
Added Net: Name=SENSE_3.3V/5V_P
Added Pin To Net: NetName=SENSE_3.3V_N Pin=R103-4
Added Pin To Net: NetName=SENSE_3.3V_N Pin=U6-7
Added Net: Name=SENSE_3.3V_N
Added Pin To Net: NetName=SENSE_3.3V_P Pin=R103-3
Added Pin To Net: NetName=SENSE_3.3V_P Pin=U6-8
Added Net: Name=SENSE_3.3V_P
Added Pin To Net: NetName=SENSE_5V_SAMA7_N Pin=R81-4
Added Pin To Net: NetName=SENSE_5V_SAMA7_N Pin=U6-12
Added Net: Name=SENSE_5V_SAMA7_N
Added Pin To Net: NetName=SENSE_5V_SAMA7_P Pin=R81-3
Added Pin To Net: NetName=SENSE_5V_SAMA7_P Pin=U6-11
Added Net: Name=SENSE_5V_SAMA7_P
Added Pin To Net: NetName=USB_1_PWR_EN Pin=R86-1
Added Pin To Net: NetName=USB_1_PWR_EN Pin=R291-1
Added Pin To Net: NetName=USB_1_PWR_EN Pin=U20-1
Added Net: Name=USB_1_PWR_EN
Added Pin To Net: NetName=USB_1_PWR_nFAIL Pin=R91-1
Added Pin To Net: NetName=USB_1_PWR_nFAIL Pin=U20-2
Added Net: Name=USB_1_PWR_nFAIL
Added Pin To Net: NetName=USB_2_PWR_EN Pin=R88-1
Added Pin To Net: NetName=USB_2_PWR_EN Pin=R290-1
Added Pin To Net: NetName=USB_2_PWR_EN Pin=U20-4
Added Net: Name=USB_2_PWR_EN
Added Pin To Net: NetName=USB_2_PWR_nFAIL Pin=R92-1
Added Pin To Net: NetName=USB_2_PWR_nFAIL Pin=U20-3
Added Net: Name=USB_2_PWR_nFAIL
Added Pin To Net: NetName=USB_CONN_LED_1 Pin=J5-6
Added Pin To Net: NetName=USB_CONN_LED_1 Pin=R294-2
Added Net: Name=USB_CONN_LED_1
Added Pin To Net: NetName=USB_CONN_LED_2 Pin=J6-6
Added Pin To Net: NetName=USB_CONN_LED_2 Pin=R297-2
Added Net: Name=USB_CONN_LED_2
Added Pin To Net: NetName=USB_PWR1 Pin=C221-2
Added Pin To Net: NetName=USB_PWR1 Pin=C223-1
Added Pin To Net: NetName=USB_PWR1 Pin=D7-5
Added Pin To Net: NetName=USB_PWR1 Pin=J5-1
Added Pin To Net: NetName=USB_PWR1 Pin=Q2-2
Added Pin To Net: NetName=USB_PWR1 Pin=R289-1
Added Pin To Net: NetName=USB_PWR1 Pin=R292-1
Added Pin To Net: NetName=USB_PWR1 Pin=U20-8
Added Net: Name=USB_PWR1
Added Pin To Net: NetName=USB_PWR2 Pin=C222-2
Added Pin To Net: NetName=USB_PWR2 Pin=C224-1
Added Pin To Net: NetName=USB_PWR2 Pin=D8-5
Added Pin To Net: NetName=USB_PWR2 Pin=J6-1
Added Pin To Net: NetName=USB_PWR2 Pin=Q5-2
Added Pin To Net: NetName=USB_PWR2 Pin=R288-1
Added Pin To Net: NetName=USB_PWR2 Pin=R295-1
Added Pin To Net: NetName=USB_PWR2 Pin=U20-5
Added Net: Name=USB_PWR2
Added Pin To Net: NetName=VCCADC Pin=C151-1
Added Pin To Net: NetName=VCCADC Pin=C152-1
Added Pin To Net: NetName=VCCADC Pin=FB1-1
Added Pin To Net: NetName=VCCADC Pin=U11-G8
Added Net: Name=VCCADC
Added Pin To Net: NetName=VUSB Pin=C219-2
Added Pin To Net: NetName=VUSB Pin=D6-5
Added Pin To Net: NetName=VUSB Pin=J3-1
Added Pin To Net: NetName=VUSB Pin=JP6-2
Added Net: Name=VUSB
Change Class Name : Old Net Name=CONNECTOR_EXP New Net Name=FPGA_FLASH_EEPROM
Change Class Name : Old Net Name=CONNECTOR_INTERFACE New Net Name=USB_CAMERA
Change Class Name : Old Net Name=FPGA_PART2 New Net Name=Power
Change Class Name : Old Net Name=LVDS New Net Name=FPGA_POWER_2
Change Class Name : Old Net Name=SDCARD_FLASH New Net Name=RS232
Added Class: Name=CONNECTOR_BUS
Added Class: Name=CONNECTOR_IN
Added Class: Name=FPGA_BANK
Added Class: Name=POWER_MANAGER
Added Class: Name=RS485
Added Class: Name=SDCARD_MRAM
Added Class: Name=POWER
Added Differential Pair: Name=CONN_USB
Added Differential Pair: Name=CONN_USB_1_R
Added Differential Pair: Name=CONN_USB_2_R
Added Differential Pair: Name=MPU_USBA
Added Differential Pair: Name=MPU_USBB
Added Differential Pair: Name=MPU_USBC
Added Differential Pair: Name=SENSE_3.3V
Added Differential Pair: Name=SENSE_3.3V/5V
Added Differential Pair: Name=SENSE_5V_SAMA7
Added Member To Class: ClassName=RS232 Member=Component C141 1uF/10V
Added Member To Class: ClassName=RS232 Member=Component C142 1uF/20V
Added Member To Class: ClassName=RS232 Member=Component C143 1uF/20V
Added Member To Class: ClassName=RS232 Member=Component C144 1uF/20V
Added Member To Class: ClassName=RS232 Member=Component C145 1uF/20V
Added Member To Class: ClassName=RS232 Member=Component C146 1uF/10V
Added Member To Class: ClassName=RS232 Member=Component C147 1uF/20V
Added Member To Class: ClassName=RS232 Member=Component C148 1uF/20V
Added Member To Class: ClassName=RS232 Member=Component C149 1uF/20V
Added Member To Class: ClassName=RS232 Member=Component C150 1uF/20V
Added Member To Class: ClassName=FPGA_POWER_2 Member=Component C151 10nF/10V
Added Member To Class: ClassName=FPGA_POWER_2 Member=Component C152 0.47uF/10V
Added Member To Class: ClassName=FPGA_POWER_2 Member=Component C169 4.7uF/10V
Added Member To Class: ClassName=FPGA_POWER_2 Member=Component C172 47uF/10V
Added Member To Class: ClassName=FPGA_POWER_2 Member=Component C173 4.7uF/10V
Added Member To Class: ClassName=FPGA_POWER_2 Member=Component C174 4.7uF/10V
Added Member To Class: ClassName=FPGA_POWER_2 Member=Component C175 0.47uF/10V
Added Member To Class: ClassName=FPGA_POWER_2 Member=Component C176 100uF/10V
Added Member To Class: ClassName=FPGA_POWER_2 Member=Component C177 47uF/10V
Added Member To Class: ClassName=FPGA_POWER_2 Member=Component C178 47uF/10V
Added Member To Class: ClassName=FPGA_POWER_2 Member=Component C179 4.7uF/10V
Added Member To Class: ClassName=FPGA_POWER_2 Member=Component C181 4.7uF/10V
Added Member To Class: ClassName=FPGA_POWER_2 Member=Component C182 0.47uF/10V
Added Member To Class: ClassName=FPGA_POWER_2 Member=Component C183 0.47uF/10V
Added Member To Class: ClassName=FPGA_POWER_2 Member=Component C184 0.47uF/10V
Added Member To Class: ClassName=FPGA_POWER_2 Member=Component C185 0.47uF/10V
Added Member To Class: ClassName=FPGA_POWER_2 Member=Component C186 4.7uF/10V
Added Member To Class: ClassName=FPGA_POWER_2 Member=Component C187 4.7uF/10V
Added Member To Class: ClassName=FPGA_POWER_2 Member=Component C188 4.7uF/10V
Added Member To Class: ClassName=FPGA_POWER_2 Member=Component C193 100uF/10V
Added Member To Class: ClassName=FPGA_POWER_2 Member=Component C194 100uF/10V
Added Member To Class: ClassName=FPGA_POWER_2 Member=Component C197 4.7uF/10V
Added Member To Class: ClassName=FPGA_POWER_2 Member=Component C198 4.7uF/10V
Added Member To Class: ClassName=FPGA_POWER_2 Member=Component C199 4.7uF/10V
Added Member To Class: ClassName=FPGA_POWER_2 Member=Component C200 4.7uF/10V
Added Member To Class: ClassName=FPGA_POWER_2 Member=Component C201 0.47uF/10V
Added Member To Class: ClassName=FPGA_POWER_2 Member=Component C202 0.47uF/10V
Added Member To Class: ClassName=FPGA_POWER_2 Member=Component C203 0.47uF/10V
Added Member To Class: ClassName=FPGA_POWER_2 Member=Component C204 0.47uF/10V
Added Member To Class: ClassName=FPGA_POWER_2 Member=Component C205 4.7uF/10V
Added Member To Class: ClassName=FPGA_POWER_2 Member=Component C206 4.7uF/10V
Added Member To Class: ClassName=FPGA_POWER_2 Member=Component C207 4.7uF/10V
Added Member To Class: ClassName=FPGA_POWER_2 Member=Component C208 4.7uF/10V
Added Member To Class: ClassName=FPGA_POWER_2 Member=Component C209 100uF/10V
Added Member To Class: ClassName=FPGA_POWER_2 Member=Component C210 100uF/10V
Added Member To Class: ClassName=FPGA_POWER_2 Member=Component C211 4.7uF/10V
Added Member To Class: ClassName=FPGA_POWER_2 Member=Component C212 4.7uF/10V
Added Member To Class: ClassName=FPGA_FLASH_EEPROM Member=Component C214 0.1uF/10V
Added Member To Class: ClassName=FPGA_FLASH_EEPROM Member=Component C215 0.1uF/10V
Added Member To Class: ClassName=FPGA_FLASH_EEPROM Member=Component C216 0.1uF/10V
Added Member To Class: ClassName=FPGA_FLASH_EEPROM Member=Component C217 0.1uF/10V
Added Member To Class: ClassName=DEBUG_CONSOLE Member=Component C218 0.1uF/10V
Added Member To Class: ClassName=DEBUG_CONSOLE Member=Component C219 0.1uF/10V
Added Member To Class: ClassName=USB_CAMERA Member=Component C220 0.1uF/10V
Added Member To Class: ClassName=USB_CAMERA Member=Component C221 0.1uF/10V
Added Member To Class: ClassName=USB_CAMERA Member=Component C222 0.1uF/10V
Added Member To Class: ClassName=USB_CAMERA Member=Component C223 4.7uF/10V
Added Member To Class: ClassName=USB_CAMERA Member=Component C224 4.7uF/10V
Added Member To Class: ClassName=Power Member=Component C225 47uF/25V
Added Member To Class: ClassName=Power Member=Component C226 47uF/25V
Added Member To Class: ClassName=Power Member=Component C227 47uF/25V
Added Member To Class: ClassName=Power Member=Component C228 1uF/20V
Added Member To Class: ClassName=Power Member=Component C229 2.2nF/10V
Added Member To Class: ClassName=Power Member=Component C235 47uF/25V
Added Member To Class: ClassName=Power Member=Component C236 47uF/25V
Added Member To Class: ClassName=FPGA_POWER Member=Component C239 22uF/10V
Added Member To Class: ClassName=FPGA_POWER Member=Component C240 18pF/10V
Added Member To Class: ClassName=FPGA_POWER Member=Component C241 22uF/10V
Added Member To Class: ClassName=FPGA_POWER Member=Component C242 18pF/10V
Added Member To Class: ClassName=DEBUG_CONSOLE Member=Component D6 USBLC6-2SC6
Added Member To Class: ClassName=USB_CAMERA Member=Component D7 USBLC6-2SC6
Added Member To Class: ClassName=USB_CAMERA Member=Component D8 USBLC6-2SC6
Added Member To Class: ClassName=Power Member=Component D9 SS54
Added Member To Class: ClassName=FPGA_POWER Member=Component D10 _LED_GREEN
Added Member To Class: ClassName=Power Member=Component DS1 _LED_RED
Added Member To Class: ClassName=Power Member=Component DS2 _LED_RED
Added Member To Class: ClassName=Power Member=Component DS3 _LED_RED
Added Member To Class: ClassName=FPGA_POWER_2 Member=Component FB1 600 Ohms @ 100 MHz
Added Member To Class: ClassName=FPGA_POWER_2 Member=Component FB2 600 Ohms @ 100 MHz
Added Member To Class: ClassName=FPGA_POWER Member=Component IC1 LTC3569EUDC#TRPBF
Added Member To Class: ClassName=DEBUG_CONSOLE Member=Component J3 0473460001
Added Member To Class: ClassName=DEBUG_CONSOLE Member=Component J4 0532610471
Added Member To Class: ClassName=DEBUG_CONSOLE Member=Component JP6 DNP/0R
Added Member To Class: ClassName=USB_CAMERA Member=Component JP7 DNP/0R
Added Member To Class: ClassName=FPGA_POWER Member=Component L5 DFE252012P-1R5M=P2
Added Member To Class: ClassName=FPGA_POWER Member=Component L6 DFE252012P-1R5M=P2
Added Member To Class: ClassName=FPGA_POWER Member=Component L7 DFE252012P-1R5M=P2
Added Member To Class: ClassName=USB_CAMERA Member=Component Q2 DMG302PU-7
Added Member To Class: ClassName=USB_CAMERA Member=Component Q5 DMG302PU-7
Added Member To Class: ClassName=RS232 Member=Component R146 22R
Added Member To Class: ClassName=RS232 Member=Component R182 22R
Added Member To Class: ClassName=RS232 Member=Component R183 22R
Added Member To Class: ClassName=RS232 Member=Component R184 10k
Added Member To Class: ClassName=FPGA_FLASH_EEPROM Member=Component R248 4.7k
Added Member To Class: ClassName=FPGA_FLASH_EEPROM Member=Component R249 4.7k
Added Member To Class: ClassName=FPGA_FLASH_EEPROM Member=Component R250 4.7k
Added Member To Class: ClassName=FPGA_FLASH_EEPROM Member=Component R251 4.7k
Added Member To Class: ClassName=FPGA_FLASH_EEPROM Member=Component R252 4.7k
Added Member To Class: ClassName=FPGA_FLASH_EEPROM Member=Component R253 4.7k
Added Member To Class: ClassName=FPGA_FLASH_EEPROM Member=Component R254 10k
Added Member To Class: ClassName=FPGA_FLASH_EEPROM Member=Component R255 10k
Added Member To Class: ClassName=FPGA_FLASH_EEPROM Member=Component R256 4.7k
Added Member To Class: ClassName=FPGA_FLASH_EEPROM Member=Component R257 4.7k
Added Member To Class: ClassName=FPGA_FLASH_EEPROM Member=Component R263 0R
Added Member To Class: ClassName=FPGA_FLASH_EEPROM Member=Component R264 0R
Added Member To Class: ClassName=FPGA_FLASH_EEPROM Member=Component R265 0R
Added Member To Class: ClassName=FPGA_FLASH_EEPROM Member=Component R266 0R
Added Member To Class: ClassName=FPGA_FLASH_EEPROM Member=Component R267 0R
Added Member To Class: ClassName=SAMA7G54_PIO Member=Component R268 22R
Added Member To Class: ClassName=SAMA7G54_PIO Member=Component R269 22R
Added Member To Class: ClassName=SAMA7G54_PIO Member=Component R270 22R
Added Member To Class: ClassName=SAMA7G54_PIO Member=Component R271 22R
Added Member To Class: ClassName=SAMA7G54_PIO Member=Component R272 22R
Added Member To Class: ClassName=SAMA7G54_PIO Member=Component R273 22R
Added Member To Class: ClassName=SAMA7G54_PIO Member=Component R274 22R
Added Member To Class: ClassName=SAMA7G54_PIO Member=Component R275 22R
Added Member To Class: ClassName=SAMA7G54_PIO Member=Component R276 22R
Added Member To Class: ClassName=DEBUG_CONSOLE Member=Component R277 DNP/4.7k
Added Member To Class: ClassName=DEBUG_CONSOLE Member=Component R278 4.7k
Added Member To Class: ClassName=DEBUG_CONSOLE Member=Component R279 4.7k
Added Member To Class: ClassName=DEBUG_CONSOLE Member=Component R280 4.7k
Added Member To Class: ClassName=DEBUG_CONSOLE Member=Component R281 DNP/4.7k
Added Member To Class: ClassName=DEBUG_CONSOLE Member=Component R282 DNP/4.7k
Added Member To Class: ClassName=WATCHDOG Member=Component R283 16.5k
Added Member To Class: ClassName=RS422 Member=Component R284 22R
Added Member To Class: ClassName=RS422 Member=Component R285 22R
Added Member To Class: ClassName=RS422 Member=Component R286 22R
Added Member To Class: ClassName=RS422 Member=Component R287 22R
Added Member To Class: ClassName=Power Member=Component R298 ???k
Added Member To Class: ClassName=Power Member=Component R299 47k
Added Member To Class: ClassName=Power Member=Component R300 47k
Added Member To Class: ClassName=Power Member=Component R301 ??k
Added Member To Class: ClassName=Power Member=Component R302 3.24k
Added Member To Class: ClassName=Power Member=Component R303 ?k
Added Member To Class: ClassName=Power Member=Component R304 1.6k
Added Member To Class: ClassName=Power Member=Component R309 3.24k
Added Member To Class: ClassName=Power Member=Component R314 3.24k
Added Member To Class: ClassName=FPGA_POWER Member=Component R323 187k
Added Member To Class: ClassName=FPGA_POWER Member=Component R324 150k
Added Member To Class: ClassName=FPGA_POWER Member=Component R325 470k
Added Member To Class: ClassName=FPGA_POWER Member=Component R326 3.24k
Added Member To Class: ClassName=FPGA_POWER Member=Component R327 100k
Added Member To Class: ClassName=FPGA_POWER Member=Component R328 400k
Added Member To Class: ClassName=RS232 Member=Component U9 MAX3232IDWR
Added Member To Class: ClassName=RS232 Member=Component U10 MAX3232IDWR
Added Member To Class: ClassName=FPGA_FLASH_EEPROM Member=Component U13 SN3257QPWRQ1
Added Member To Class: ClassName=FPGA_FLASH_EEPROM Member=Component U14 SN3257QPWRQ1
Added Member To Class: ClassName=FPGA_FLASH_EEPROM Member=Component U17 CAT93C46BHU4I-GT3
Added Member To Class: ClassName=FPGA_FLASH_EEPROM Member=Component U18 S25FL128LAGMFI010
Added Member To Class: ClassName=DEBUG_CONSOLE Member=Component U19 SN74LV4052APWR
Added Member To Class: ClassName=USB_CAMERA Member=Component U20 MIC2026-1YM
Added Member To Class: ClassName=Power Member=Component U24 TPS259470ARPWR
Added Member To Class: ClassName=SAMA7G54_PIO Member=Component U27
Added Member To Class: ClassName=Power Member=Component VR1 LM1117MP-3.3/NOPB
Added Member To Class: ClassName=Power Member=Component VR2 LM1117MP-3.3/NOPB
Added Member To Class: ClassName=DIFF90 Member=Wire MPU_USBA_N
Added Member To Class: ClassName=DIFF90 Member=Wire MPU_USBA_P
Added Member To Class: ClassName=DIFF90 Member=Wire MPU_USBB_N
Added Member To Class: ClassName=DIFF90 Member=Wire MPU_USBB_P
Added Member To Class: ClassName=DIFF90 Member=Wire MPU_USBC_N
Added Member To Class: ClassName=DIFF90 Member=Wire MPU_USBC_P
Added Member To Class: ClassName=MRAM_SAMA7 Member=Wire SAM7_MRAM_QSPI_CLK
Added Member To Class: ClassName=MRAM_SAMA7 Member=Wire SAM7_MRAM_QSPI_IO0
Added Member To Class: ClassName=MRAM_SAMA7 Member=Wire SAM7_MRAM_QSPI_IO1
Added Member To Class: ClassName=MRAM_SAMA7 Member=Wire SAM7_MRAM_QSPI_IO2
Added Member To Class: ClassName=MRAM_SAMA7 Member=Wire SAM7_MRAM_QSPI_IO3
Added Member To Class: ClassName=MRAM_SAMA7 Member=Wire SAM7_MRAM_QSPI_nCS
Added Rule: Name=Schematic Matched Net Lengths
Added Rule: Name=Schematic Supply Nets_32
Added Rule: Name=Schematic Supply Nets_33
Added Rule: Name=Schematic Supply Nets_34
Added Rule: Name=Schematic Supply Nets_35
Added Rule: Name=Schematic Supply Nets_36
Added Rule: Name=Schematic Supply Nets_37
Added Rule: Name=Schematic Supply Nets_38
Added Rule: Name=Schematic Supply Nets_39
Added Rule: Name=Schematic Supply Nets_40
Added Rule: Name=Schematic Supply Nets_41
Added Rule: Name=Schematic Supply Nets_42
Added Rule: Name=Schematic Supply Nets_43
Added Rule: Name=Schematic Supply Nets_44
Added Rule: Name=Schematic Supply Nets_45
Added Rule: Name=Schematic Supply Nets_46
Added Rule: Name=Schematic Supply Nets_47
Added Rule: Name=Schematic Supply Nets_48
Added Rule: Name=Schematic Supply Nets_49
Added Class: Name=DIFF90
Remove Class Member: Failed to remove class member
Remove Class Member: Failed to remove class member
Remove Class Member: Failed to remove class member
Remove Class Member: Failed to remove class member
Remove Class Member: Failed to remove class member
Remove Class Member: Failed to remove class member
Remove Class Member: Failed to remove class member
Remove Class Member: Failed to remove class member
Remove Class Member: Failed to remove class member
